[22:26:17] === overnight run starting: 3 reps x 11 probes, 420s cap ===
[22:26:17] --- cycle 1 ---
[22:26:22]   wide_probe rep1 ok (0
0 causal lines)
[22:26:27]   wide_probe rep2 ok (0
0 causal lines)
[22:26:32]   wide_probe rep3 ok (0
0 causal lines)
[22:30:22]   validate_all rep1 ok (3 causal lines)
[22:30:27]   validate_all rep2 ok (20 causal lines)
[22:30:32]   validate_all rep3 ok (20 causal lines)
[22:30:37]   validate_sampler rep1 ok (5 causal lines)
[22:30:42]   validate_sampler rep2 ok (5 causal lines)
[22:30:47]   validate_sampler rep3 ok (5 causal lines)
[22:30:52]   validate_pass rep1 ok (4 causal lines)
[22:30:57]   validate_pass rep2 ok (0
0 causal lines)
[22:31:02]   validate_pass rep3 ok (2 causal lines)
[22:31:07]   state_probe rep1 ok (0
0 causal lines)
[22:31:12]   state_probe rep2 ok (0
0 causal lines)
[22:31:17]   state_probe rep3 ok (0
0 causal lines)
[22:31:22]   pass_probe rep1 ok (0
0 causal lines)
[22:31:27]   pass_probe rep2 ok (0
0 causal lines)
[22:31:32]   pass_probe rep3 ok (0
0 causal lines)
[22:31:37]   sampler_probe rep1 ok (0
0 causal lines)
[22:31:42]   sampler_probe rep2 ok (0
0 causal lines)
[22:31:47]   sampler_probe rep3 ok (0
0 causal lines)
[22:31:52]   pso_probe rep1 ok (0
0 causal lines)
[22:31:57]   pso_probe rep2 ok (0
0 causal lines)
[22:32:02]   pso_probe rep3 ok (0
0 causal lines)
[22:32:08]   isa_probe rep1 ok (0
0 causal lines)
[22:32:13]   isa_probe rep2 ok (0
0 causal lines)
[22:32:18]   isa_probe rep3 ok (0
0 causal lines)
[22:32:23]   isa2_probe rep1 ok (0
0 causal lines)
[22:32:28]   isa2_probe rep2 ok (0
0 causal lines)
[22:32:33]   isa2_probe rep3 ok (0
0 causal lines)
[22:32:38]   ring_probe rep1 ok (0
0 causal lines)
[22:32:43]   ring_probe rep2 ok (0
0 causal lines)
[22:32:48]   ring_probe rep3 ok (0
0 causal lines)
[22:32:48] cycle 1 done; stable offsets so far: 130
[22:32:48] --- cycle 2 ---
[22:32:53]   wide_probe rep1 ok (0
0 causal lines)
[22:32:58]   wide_probe rep2 ok (0
0 causal lines)
[22:33:03]   wide_probe rep3 ok (0
0 causal lines)
[22:37:03]   validate_all rep1 ok (3 causal lines)
[22:37:08]   validate_all rep2 ok (20 causal lines)
[22:37:14]   validate_all rep3 ok (20 causal lines)
[22:37:19]   validate_sampler rep1 ok (6 causal lines)
[22:37:24]   validate_sampler rep2 ok (6 causal lines)
[22:37:29]   validate_sampler rep3 ok (5 causal lines)
[22:37:34]   validate_pass rep1 ok (4 causal lines)
[22:37:39]   validate_pass rep2 ok (4 causal lines)
[22:37:44]   validate_pass rep3 ok (4 causal lines)
[22:37:49]   state_probe rep1 ok (0
0 causal lines)
[22:37:54]   state_probe rep2 ok (0
0 causal lines)
[22:37:59]   state_probe rep3 ok (0
0 causal lines)
[22:38:04]   pass_probe rep1 ok (0
0 causal lines)
[22:38:09]   pass_probe rep2 ok (0
0 causal lines)
[22:38:14]   pass_probe rep3 ok (0
0 causal lines)
[22:38:19]   sampler_probe rep1 ok (0
0 causal lines)
[22:41:04] GPU fault reports at start: 25
[22:41:04] === overnight run starting: 3 reps x 11 probes, 420s cap ===
[22:41:04] --- cycle 1 ---
[22:41:09]   wide_probe rep1 ok (0 causal lines)
[22:41:14]   wide_probe rep2 ok (0 causal lines)
[22:41:19]   wide_probe rep3 ok (0 causal lines)
[22:41:24]   validate_all rep1 ok (20 causal lines)
[22:41:29]   validate_all rep2 ok (20 causal lines)
[22:41:34]   validate_all rep3 ok (20 causal lines)
[22:41:39]   validate_sampler rep1 ok (5 causal lines)
[22:41:44]   validate_sampler rep2 ok (6 causal lines)
[22:41:49]   validate_sampler rep3 ok (5 causal lines)
[22:41:55]   validate_pass rep1 ok (4 causal lines)
[22:42:00]   validate_pass rep2 ok (4 causal lines)
[22:42:10]   validate_pass rep3 ok (4 causal lines)
[22:42:15]   state_probe rep1 ok (0 causal lines)
[22:42:20]   state_probe rep2 ok (0 causal lines)
[22:42:25]   state_probe rep3 ok (0 causal lines)
[22:42:30]   pass_probe rep1 ok (0 causal lines)
[22:42:35]   pass_probe rep2 ok (0 causal lines)
[22:42:40]   pass_probe rep3 ok (0 causal lines)
[22:42:45]   sampler_probe rep1 ok (0 causal lines)
[22:42:50]   sampler_probe rep2 ok (0 causal lines)
[22:42:55]   sampler_probe rep3 ok (0 causal lines)
[22:43:00]   pso_probe rep1 ok (0 causal lines)
[22:43:05]   pso_probe rep2 ok (0 causal lines)
[22:43:10]   pso_probe rep3 ok (0 causal lines)
[22:43:15]   isa_probe rep1 ok (0 causal lines)
[22:43:20]   isa_probe rep2 ok (0 causal lines)
[22:43:25]   isa_probe rep3 ok (0 causal lines)
[22:43:30]   isa2_probe rep1 ok (0 causal lines)
[22:43:35]   isa2_probe rep2 ok (0 causal lines)
[22:43:40]   isa2_probe rep3 ok (0 causal lines)
[22:43:45]   ring_probe rep1 ok (0 causal lines)
[22:43:50]   ring_probe rep2 ok (0 causal lines)
[22:43:55]   ring_probe rep3 ok (0 causal lines)
[22:43:55] cycle 1 done; stable offsets so far: 158
[22:43:55] --- cycle 2 ---
[22:44:00]   wide_probe rep1 ok (0 causal lines)
[22:44:05]   wide_probe rep2 ok (0 causal lines)
[22:44:10]   wide_probe rep3 ok (0 causal lines)
[22:44:15]   validate_all rep1 ok (20 causal lines)
[22:48:16]   validate_all rep2 ok (3 causal lines)
[22:48:21]   validate_all rep3 ok (20 causal lines)
[22:48:26]   validate_sampler rep1 ok (5 causal lines)
[22:48:31]   validate_sampler rep2 ok (6 causal lines)
[22:48:36]   validate_sampler rep3 ok (5 causal lines)
[22:48:46]   validate_pass rep1 ok (5 causal lines)
[22:48:51]   validate_pass rep2 ok (3 causal lines)
[22:48:56]   validate_pass rep3 ok (4 causal lines)
[22:49:01]   state_probe rep1 ok (0 causal lines)
[22:49:06]   state_probe rep2 ok (0 causal lines)
[22:49:11]   state_probe rep3 ok (0 causal lines)
[22:49:16]   pass_probe rep1 ok (0 causal lines)
[22:49:21]   pass_probe rep2 ok (0 causal lines)
[22:49:26]   pass_probe rep3 ok (0 causal lines)
[22:49:31]   sampler_probe rep1 ok (0 causal lines)
[22:49:36]   sampler_probe rep2 ok (0 causal lines)
[22:49:41]   sampler_probe rep3 ok (0 causal lines)
[22:49:46]   pso_probe rep1 ok (0 causal lines)
[22:49:51]   pso_probe rep2 ok (0 causal lines)
[22:49:56]   pso_probe rep3 ok (0 causal lines)
[22:50:01]   isa_probe rep1 ok (0 causal lines)
[22:50:07]   isa_probe rep2 ok (0 causal lines)
[22:50:12]   isa_probe rep3 ok (0 causal lines)
[22:50:17]   isa2_probe rep1 ok (0 causal lines)
[22:50:22]   isa2_probe rep2 ok (0 causal lines)
[22:50:27]   isa2_probe rep3 ok (0 causal lines)
[22:50:32]   ring_probe rep1 ok (0 causal lines)
[22:50:37]   ring_probe rep2 ok (0 causal lines)
[22:50:42]   ring_probe rep3 ok (0 causal lines)
[22:50:42] cycle 2 done; stable offsets so far: 161
[22:50:42] --- cycle 3 ---
[22:50:47]   wide_probe rep1 ok (0 causal lines)
[22:50:52]   wide_probe rep2 ok (0 causal lines)
[22:50:57]   wide_probe rep3 ok (0 causal lines)
[22:51:02]   validate_all rep1 ok (20 causal lines)
[22:55:02]   validate_all rep2 ok (3 causal lines)
[22:55:07]   validate_all rep3 ok (20 causal lines)
[22:55:12]   validate_sampler rep1 ok (5 causal lines)
[22:55:17]   validate_sampler rep2 ok (6 causal lines)
[22:55:23]   validate_sampler rep3 ok (5 causal lines)
[22:55:33]   validate_pass rep1 ok (4 causal lines)
[22:55:43]   validate_pass rep2 ok (2 causal lines)
[22:55:48]   validate_pass rep3 ok (1 causal lines)
[22:55:53]   state_probe rep1 ok (0 causal lines)
[22:55:58]   state_probe rep2 ok (0 causal lines)
[22:56:03]   state_probe rep3 ok (0 causal lines)
[22:56:08]   pass_probe rep1 ok (0 causal lines)
[22:56:13]   pass_probe rep2 ok (0 causal lines)
[22:56:18]   pass_probe rep3 ok (0 causal lines)
[22:56:23]   sampler_probe rep1 ok (0 causal lines)
[22:56:28]   sampler_probe rep2 ok (0 causal lines)
[22:56:33]   sampler_probe rep3 ok (0 causal lines)
[22:56:38]   pso_probe rep1 ok (0 causal lines)
[22:56:43]   pso_probe rep2 ok (0 causal lines)
[22:56:48]   pso_probe rep3 ok (0 causal lines)
[22:56:53]   isa_probe rep1 ok (0 causal lines)
[22:56:58]   isa_probe rep2 ok (0 causal lines)
[22:57:03]   isa_probe rep3 ok (0 causal lines)
[22:57:08]   isa2_probe rep1 ok (0 causal lines)
[22:57:13]   isa2_probe rep2 ok (0 causal lines)
[22:57:18]   isa2_probe rep3 ok (0 causal lines)
[22:57:23]   ring_probe rep1 ok (0 causal lines)
[22:57:28]   ring_probe rep2 ok (0 causal lines)
[22:57:33]   ring_probe rep3 ok (0 causal lines)
[22:57:34] cycle 3 done; stable offsets so far: 161
[22:57:34] --- cycle 4 ---
[22:57:39]   wide_probe rep1 ok (0 causal lines)
[22:57:44]   wide_probe rep2 ok (0 causal lines)
[22:57:49]   wide_probe rep3 ok (0 causal lines)
[22:57:54]   validate_all rep1 ok (20 causal lines)
[23:01:45]   validate_all rep2 ok (3 causal lines)
[23:01:50]   validate_all rep3 ok (20 causal lines)
[23:01:55]   validate_sampler rep1 ok (6 causal lines)
[23:02:00]   validate_sampler rep2 ok (5 causal lines)
[23:02:05]   validate_sampler rep3 ok (5 causal lines)
[23:02:10]   validate_pass rep1 ok (2 causal lines)
[23:02:15]   validate_pass rep2 ok (2 causal lines)
[23:02:25]   validate_pass rep3 ok (2 causal lines)
[23:02:30]   state_probe rep1 ok (0 causal lines)
[23:02:35]   state_probe rep2 ok (0 causal lines)
[23:02:40]   state_probe rep3 ok (0 causal lines)
[23:02:45]   pass_probe rep1 ok (0 causal lines)
[23:02:50]   pass_probe rep2 ok (0 causal lines)
[23:02:55]   pass_probe rep3 ok (0 causal lines)
[23:03:00]   sampler_probe rep1 ok (0 causal lines)
[23:03:06]   sampler_probe rep2 ok (0 causal lines)
[23:03:11]   sampler_probe rep3 ok (0 causal lines)
[23:03:16]   pso_probe rep1 ok (0 causal lines)
[23:03:21]   pso_probe rep2 ok (0 causal lines)
[23:03:26]   pso_probe rep3 ok (0 causal lines)
[23:03:31]   isa_probe rep1 ok (0 causal lines)
[23:03:36]   isa_probe rep2 ok (0 causal lines)
[23:03:41]   isa_probe rep3 ok (0 causal lines)
[23:03:46]   isa2_probe rep1 ok (0 causal lines)
[23:03:51]   isa2_probe rep2 ok (0 causal lines)
[23:03:56]   isa2_probe rep3 ok (0 causal lines)
[23:04:01]   ring_probe rep1 ok (0 causal lines)
[23:04:06]   ring_probe rep2 ok (0 causal lines)
[23:04:11]   ring_probe rep3 ok (0 causal lines)
[23:04:11] cycle 4 done; stable offsets so far: 161
[23:04:11] --- cycle 5 ---
[23:04:16]   wide_probe rep1 ok (0 causal lines)
[23:04:21]   wide_probe rep2 ok (0 causal lines)
[23:04:26]   wide_probe rep3 ok (0 causal lines)
[23:04:31]   validate_all rep1 ok (20 causal lines)
[23:08:22]   validate_all rep2 ok (3 causal lines)
[23:08:27]   validate_all rep3 ok (20 causal lines)
[23:08:32]   validate_sampler rep1 ok (5 causal lines)
[23:08:37]   validate_sampler rep2 ok (7 causal lines)
[23:08:42]   validate_sampler rep3 ok (5 causal lines)
[23:08:52]   validate_pass rep1 ok (2 causal lines)
[23:08:57]   validate_pass rep2 ok (4 causal lines)
[23:09:07]   validate_pass rep3 ok (2 causal lines)
[23:09:12]   state_probe rep1 ok (0 causal lines)
[23:09:17]   state_probe rep2 ok (0 causal lines)
[23:09:22]   state_probe rep3 ok (0 causal lines)
[23:09:27]   pass_probe rep1 ok (0 causal lines)
[23:09:32]   pass_probe rep2 ok (0 causal lines)
[23:09:37]   pass_probe rep3 ok (0 causal lines)
[23:09:42]   sampler_probe rep1 ok (0 causal lines)
[23:09:47]   sampler_probe rep2 ok (0 causal lines)
[23:09:52]   sampler_probe rep3 ok (0 causal lines)
[23:09:57]   pso_probe rep1 ok (0 causal lines)
[23:10:02]   pso_probe rep2 ok (0 causal lines)
[23:10:08]   pso_probe rep3 ok (0 causal lines)
[23:10:13]   isa_probe rep1 ok (0 causal lines)
[23:10:18]   isa_probe rep2 ok (0 causal lines)
[23:10:23]   isa_probe rep3 ok (0 causal lines)
[23:10:28]   isa2_probe rep1 ok (0 causal lines)
[23:10:33]   isa2_probe rep2 ok (0 causal lines)
[23:10:38]   isa2_probe rep3 ok (0 causal lines)
[23:10:43]   ring_probe rep1 ok (0 causal lines)
[23:10:48]   ring_probe rep2 ok (0 causal lines)
[23:10:53]   ring_probe rep3 ok (0 causal lines)
[23:10:53] cycle 5 done; stable offsets so far: 161
[23:10:53] --- cycle 6 ---
[23:10:58]   wide_probe rep1 ok (0 causal lines)
[23:11:03]   wide_probe rep2 ok (0 causal lines)
[23:11:08]   wide_probe rep3 ok (0 causal lines)
[23:11:13]   validate_all rep1 ok (20 causal lines)
[23:11:18]   validate_all rep2 ok (20 causal lines)
[23:15:09]   validate_all rep3 ok (3 causal lines)
[23:15:14]   validate_sampler rep1 ok (6 causal lines)
[23:15:19]   validate_sampler rep2 ok (6 causal lines)
[23:15:24]   validate_sampler rep3 ok (7 causal lines)
[23:15:29]   validate_pass rep1 ok (3 causal lines)
[23:15:39]   validate_pass rep2 ok (4 causal lines)
[23:15:44]   validate_pass rep3 ok (2 causal lines)
[23:15:49]   state_probe rep1 ok (0 causal lines)
[23:15:54]   state_probe rep2 ok (0 causal lines)
[23:15:59]   state_probe rep3 ok (0 causal lines)
[23:16:04]   pass_probe rep1 ok (0 causal lines)
[23:16:09]   pass_probe rep2 ok (0 causal lines)
[23:16:14]   pass_probe rep3 ok (0 causal lines)
[23:16:19]   sampler_probe rep1 ok (0 causal lines)
[23:16:24]   sampler_probe rep2 ok (0 causal lines)
[23:16:29]   sampler_probe rep3 ok (0 causal lines)
[23:16:34]   pso_probe rep1 ok (0 causal lines)
[23:16:39]   pso_probe rep2 ok (0 causal lines)
[23:16:44]   pso_probe rep3 ok (0 causal lines)
[23:16:49]   isa_probe rep1 ok (0 causal lines)
[23:16:54]   isa_probe rep2 ok (0 causal lines)
[23:16:59]   isa_probe rep3 ok (0 causal lines)
[23:17:04]   isa2_probe rep1 ok (0 causal lines)
[23:17:09]   isa2_probe rep2 ok (0 causal lines)
[23:17:14]   isa2_probe rep3 ok (0 causal lines)
[23:17:19]   ring_probe rep1 ok (0 causal lines)
[23:17:24]   ring_probe rep2 ok (0 causal lines)
[23:17:29]   ring_probe rep3 ok (0 causal lines)
[23:17:30] cycle 6 done; stable offsets so far: 161
[23:17:30] --- cycle 7 ---
[23:17:35]   wide_probe rep1 ok (0 causal lines)
[23:17:40]   wide_probe rep2 ok (0 causal lines)
[23:17:45]   wide_probe rep3 ok (0 causal lines)
[23:17:50]   validate_all rep1 ok (20 causal lines)
[23:17:55]   validate_all rep2 ok (20 causal lines)
[23:21:45]   validate_all rep3 ok (3 causal lines)
[23:21:50]   validate_sampler rep1 ok (6 causal lines)
[23:21:55]   validate_sampler rep2 ok (6 causal lines)
[23:22:00]   validate_sampler rep3 ok (5 causal lines)
[23:22:10]   validate_pass rep1 ok (1 causal lines)
[23:22:15]   validate_pass rep2 ok (4 causal lines)
[23:22:25]   validate_pass rep3 ok (4 causal lines)
[23:22:30]   state_probe rep1 ok (0 causal lines)
[23:22:35]   state_probe rep2 ok (0 causal lines)
[23:22:41]   state_probe rep3 ok (0 causal lines)
[23:22:46]   pass_probe rep1 ok (0 causal lines)
[23:22:51]   pass_probe rep2 ok (0 causal lines)
[23:22:56]   pass_probe rep3 ok (0 causal lines)
[23:23:01]   sampler_probe rep1 ok (0 causal lines)
[23:23:06]   sampler_probe rep2 ok (0 causal lines)
[23:23:11]   sampler_probe rep3 ok (0 causal lines)
[23:23:16]   pso_probe rep1 ok (0 causal lines)
[23:23:21]   pso_probe rep2 ok (0 causal lines)
[23:23:26]   pso_probe rep3 ok (0 causal lines)
[23:23:31]   isa_probe rep1 ok (0 causal lines)
[23:23:36]   isa_probe rep2 ok (0 causal lines)
[23:23:41]   isa_probe rep3 ok (0 causal lines)
[23:23:46]   isa2_probe rep1 ok (0 causal lines)
[23:23:51]   isa2_probe rep2 ok (0 causal lines)
[23:23:56]   isa2_probe rep3 ok (0 causal lines)
[23:24:01]   ring_probe rep1 ok (0 causal lines)
[23:24:06]   ring_probe rep2 ok (0 causal lines)
[23:24:11]   ring_probe rep3 ok (0 causal lines)
[23:24:11] cycle 7 done; stable offsets so far: 161
[23:24:11] --- cycle 8 ---
[23:24:16]   wide_probe rep1 ok (0 causal lines)
[23:24:21]   wide_probe rep2 ok (0 causal lines)
[23:24:26]   wide_probe rep3 ok (0 causal lines)
[23:24:31]   validate_all rep1 ok (20 causal lines)
[23:24:36]   validate_all rep2 ok (20 causal lines)
[23:24:41]   validate_all rep3 ok (20 causal lines)
[23:24:46]   validate_sampler rep1 ok (6 causal lines)
[23:24:52]   validate_sampler rep2 ok (5 causal lines)
[23:24:57]   validate_sampler rep3 ok (7 causal lines)
[23:25:02]   validate_pass rep1 ok (4 causal lines)
[23:25:07]   validate_pass rep2 ok (3 causal lines)
[23:25:12]   validate_pass rep3 ok (2 causal lines)
[23:25:17]   state_probe rep1 ok (0 causal lines)
[23:25:22]   state_probe rep2 ok (0 causal lines)
[23:25:27]   state_probe rep3 ok (0 causal lines)
[23:25:32]   pass_probe rep1 ok (0 causal lines)
[23:25:37]   pass_probe rep2 ok (0 causal lines)
[23:25:42]   pass_probe rep3 ok (0 causal lines)
[23:25:47]   sampler_probe rep1 ok (0 causal lines)
[23:25:52]   sampler_probe rep2 ok (0 causal lines)
[23:25:57]   sampler_probe rep3 ok (0 causal lines)
[23:26:02]   pso_probe rep1 ok (0 causal lines)
[23:26:07]   pso_probe rep2 ok (0 causal lines)
[23:26:12]   pso_probe rep3 ok (0 causal lines)
[23:26:17]   isa_probe rep1 ok (0 causal lines)
[23:26:22]   isa_probe rep2 ok (0 causal lines)
[23:26:27]   isa_probe rep3 ok (0 causal lines)
[23:26:32]   isa2_probe rep1 ok (0 causal lines)
[23:26:37]   isa2_probe rep2 ok (0 causal lines)
[23:26:42]   isa2_probe rep3 ok (0 causal lines)
[23:26:47]   ring_probe rep1 ok (0 causal lines)
[23:26:52]   ring_probe rep2 ok (0 causal lines)
[23:26:57]   ring_probe rep3 ok (0 causal lines)
[23:26:58] cycle 8 done; stable offsets so far: 161
[23:26:58] --- cycle 9 ---
[23:27:03]   wide_probe rep1 ok (0 causal lines)
[23:27:08]   wide_probe rep2 ok (0 causal lines)
[23:27:13]   wide_probe rep3 ok (0 causal lines)
[23:27:18]   validate_all rep1 ok (20 causal lines)
[23:27:23]   validate_all rep2 ok (20 causal lines)
[23:31:13]   validate_all rep3 ok (3 causal lines)
[23:31:18]   validate_sampler rep1 ok (5 causal lines)
[23:31:23]   validate_sampler rep2 ok (5 causal lines)
[23:31:28]   validate_sampler rep3 ok (5 causal lines)
[23:31:38]   validate_pass rep1 ok (4 causal lines)
[23:31:43]   validate_pass rep2 ok (4 causal lines)
[23:31:48]   validate_pass rep3 ok (4 causal lines)
[23:31:53]   state_probe rep1 ok (0 causal lines)
[23:31:58]   state_probe rep2 ok (0 causal lines)
[23:32:03]   state_probe rep3 ok (0 causal lines)
[23:32:08]   pass_probe rep1 ok (0 causal lines)
[23:32:14]   pass_probe rep2 ok (0 causal lines)
[23:32:19]   pass_probe rep3 ok (0 causal lines)
[23:32:24]   sampler_probe rep1 ok (0 causal lines)
[23:32:29]   sampler_probe rep2 ok (0 causal lines)
[23:32:34]   sampler_probe rep3 ok (0 causal lines)
[23:32:39]   pso_probe rep1 ok (0 causal lines)
[23:32:44]   pso_probe rep2 ok (0 causal lines)
[23:32:49]   pso_probe rep3 ok (0 causal lines)
[23:32:54]   isa_probe rep1 ok (0 causal lines)
[23:32:59]   isa_probe rep2 ok (0 causal lines)
[23:33:04]   isa_probe rep3 ok (0 causal lines)
[23:33:09]   isa2_probe rep1 ok (0 causal lines)
[23:33:14]   isa2_probe rep2 ok (0 causal lines)
[23:33:19]   isa2_probe rep3 ok (0 causal lines)
[23:33:24]   ring_probe rep1 ok (0 causal lines)
[23:33:29]   ring_probe rep2 ok (0 causal lines)
[23:33:34]   ring_probe rep3 ok (0 causal lines)
[23:33:34] cycle 9 done; stable offsets so far: 161
[23:33:34] --- cycle 10 ---
[23:33:39]   wide_probe rep1 ok (0 causal lines)
[23:33:44]   wide_probe rep2 ok (0 causal lines)
[23:33:49]   wide_probe rep3 ok (0 causal lines)
[23:37:50]   validate_all rep1 ok (3 causal lines)
[23:41:50]   validate_all rep2 ok (3 causal lines)
[23:41:55]   validate_all rep3 ok (20 causal lines)
[23:42:00]   validate_sampler rep1 ok (6 causal lines)
[23:42:05]   validate_sampler rep2 ok (5 causal lines)
[23:42:10]   validate_sampler rep3 ok (6 causal lines)
[23:42:20]   validate_pass rep1 ok (4 causal lines)
[23:42:30]   validate_pass rep2 ok (3 causal lines)
[23:42:40]   validate_pass rep3 ok (4 causal lines)
[23:42:46]   state_probe rep1 ok (0 causal lines)
[23:42:51]   state_probe rep2 ok (0 causal lines)
[23:42:56]   state_probe rep3 ok (0 causal lines)
[23:43:01]   pass_probe rep1 ok (0 causal lines)
[23:43:06]   pass_probe rep2 ok (0 causal lines)
[23:43:11]   pass_probe rep3 ok (0 causal lines)
[23:43:16]   sampler_probe rep1 ok (0 causal lines)
[23:43:21]   sampler_probe rep2 ok (0 causal lines)
[23:43:26]   sampler_probe rep3 ok (0 causal lines)
[23:43:31]   pso_probe rep1 ok (0 causal lines)
[23:43:36]   pso_probe rep2 ok (0 causal lines)
[23:43:41]   pso_probe rep3 ok (0 causal lines)
[23:43:46]   isa_probe rep1 ok (0 causal lines)
[23:43:51]   isa_probe rep2 ok (0 causal lines)
[23:43:56]   isa_probe rep3 ok (0 causal lines)
[23:44:01]   isa2_probe rep1 ok (0 causal lines)
[23:44:06]   isa2_probe rep2 ok (0 causal lines)
[23:44:11]   isa2_probe rep3 ok (0 causal lines)
[23:44:16]   ring_probe rep1 ok (0 causal lines)
[23:44:21]   ring_probe rep2 ok (0 causal lines)
[23:44:26]   ring_probe rep3 ok (0 causal lines)
[23:44:26] cycle 10 done; stable offsets so far: 161
[23:44:26] --- cycle 11 ---
[23:44:31]   wide_probe rep1 ok (0 causal lines)
[23:44:36]   wide_probe rep2 ok (0 causal lines)
[23:44:41]   wide_probe rep3 ok (0 causal lines)
[23:44:46]   validate_all rep1 ok (20 causal lines)
[23:48:37]   validate_all rep2 ok (3 causal lines)
[23:48:42]   validate_all rep3 ok (20 causal lines)
[23:48:47]   validate_sampler rep1 ok (5 causal lines)
[23:48:52]   validate_sampler rep2 ok (5 causal lines)
[23:48:57]   validate_sampler rep3 ok (5 causal lines)
[23:49:02]   validate_pass rep1 ok (4 causal lines)
[23:49:07]   validate_pass rep2 ok (4 causal lines)
[23:49:12]   validate_pass rep3 ok (4 causal lines)
[23:49:17]   state_probe rep1 ok (0 causal lines)
[23:49:22]   state_probe rep2 ok (0 causal lines)
[23:49:27]   state_probe rep3 ok (0 causal lines)
[23:49:32]   pass_probe rep1 ok (0 causal lines)
[23:49:37]   pass_probe rep2 ok (0 causal lines)
[23:49:42]   pass_probe rep3 ok (0 causal lines)
[23:49:47]   sampler_probe rep1 ok (0 causal lines)
[23:49:52]   sampler_probe rep2 ok (0 causal lines)
[23:49:57]   sampler_probe rep3 ok (0 causal lines)
[23:50:02]   pso_probe rep1 ok (0 causal lines)
[23:50:07]   pso_probe rep2 ok (0 causal lines)
[23:50:13]   pso_probe rep3 ok (0 causal lines)
[23:50:18]   isa_probe rep1 ok (0 causal lines)
[23:50:23]   isa_probe rep2 ok (0 causal lines)
[23:50:28]   isa_probe rep3 ok (0 causal lines)
[23:50:33]   isa2_probe rep1 ok (0 causal lines)
[23:50:38]   isa2_probe rep2 ok (0 causal lines)
[23:50:43]   isa2_probe rep3 ok (0 causal lines)
[23:50:48]   ring_probe rep1 ok (0 causal lines)
[23:50:53]   ring_probe rep2 ok (0 causal lines)
[23:50:58]   ring_probe rep3 ok (0 causal lines)
[23:50:58] cycle 11 done; stable offsets so far: 161
[23:50:58] --- cycle 12 ---
[23:51:03]   wide_probe rep1 ok (0 causal lines)
[23:51:08]   wide_probe rep2 ok (0 causal lines)
[23:51:13]   wide_probe rep3 ok (0 causal lines)
[23:55:13]   validate_all rep1 ok (3 causal lines)
[23:55:18]   validate_all rep2 ok (20 causal lines)
[23:59:19]   validate_all rep3 ok (3 causal lines)
[23:59:24]   validate_sampler rep1 ok (5 causal lines)
[23:59:29]   validate_sampler rep2 ok (5 causal lines)
[23:59:34]   validate_sampler rep3 ok (5 causal lines)
[23:59:39]   validate_pass rep1 ok (4 causal lines)
[23:59:44]   validate_pass rep2 ok (4 causal lines)
[23:59:49]   validate_pass rep3 ok (4 causal lines)
[23:59:54]   state_probe rep1 ok (0 causal lines)
[23:59:59]   state_probe rep2 ok (0 causal lines)
[00:00:04]   state_probe rep3 ok (0 causal lines)
[00:00:09]   pass_probe rep1 ok (0 causal lines)
[00:00:14]   pass_probe rep2 ok (0 causal lines)
[00:00:19]   pass_probe rep3 ok (0 causal lines)
[00:00:24]   sampler_probe rep1 ok (0 causal lines)
[00:00:29]   sampler_probe rep2 ok (0 causal lines)
[00:00:34]   sampler_probe rep3 ok (0 causal lines)
[00:00:39]   pso_probe rep1 ok (0 causal lines)
[00:00:44]   pso_probe rep2 ok (0 causal lines)
[00:00:50]   pso_probe rep3 ok (0 causal lines)
[00:00:55]   isa_probe rep1 ok (0 causal lines)
[00:01:00]   isa_probe rep2 ok (0 causal lines)
[00:01:05]   isa_probe rep3 ok (0 causal lines)
[00:01:10]   isa2_probe rep1 ok (0 causal lines)
[00:01:15]   isa2_probe rep2 ok (0 causal lines)
[00:01:20]   isa2_probe rep3 ok (0 causal lines)
[00:01:25]   ring_probe rep1 ok (0 causal lines)
[00:01:30]   ring_probe rep2 ok (0 causal lines)
[00:01:35]   ring_probe rep3 ok (0 causal lines)
[00:01:35] cycle 12 done; stable offsets so far: 161
[00:01:35] --- cycle 13 ---
[00:01:40]   wide_probe rep1 ok (0 causal lines)
[00:01:45]   wide_probe rep2 ok (0 causal lines)
[00:01:50]   wide_probe rep3 ok (0 causal lines)
[00:01:55]   validate_all rep1 ok (20 causal lines)
[00:02:00]   validate_all rep2 ok (20 causal lines)
[00:05:51]   validate_all rep3 ok (3 causal lines)
[00:05:56]   validate_sampler rep1 ok (6 causal lines)
[00:06:01]   validate_sampler rep2 ok (5 causal lines)
[00:06:06]   validate_sampler rep3 ok (5 causal lines)
[00:06:11]   validate_pass rep1 ok (4 causal lines)
[00:06:16]   validate_pass rep2 ok (4 causal lines)
[00:06:21]   validate_pass rep3 ok (4 causal lines)
[00:06:26]   state_probe rep1 ok (0 causal lines)
[00:06:31]   state_probe rep2 ok (0 causal lines)
[00:06:36]   state_probe rep3 ok (0 causal lines)
[00:06:41]   pass_probe rep1 ok (0 causal lines)
[00:06:46]   pass_probe rep2 ok (0 causal lines)
[00:06:51]   pass_probe rep3 ok (0 causal lines)
[00:06:56]   sampler_probe rep1 ok (0 causal lines)
[00:07:01]   sampler_probe rep2 ok (0 causal lines)
[00:07:06]   sampler_probe rep3 ok (0 causal lines)
[00:07:11]   pso_probe rep1 ok (0 causal lines)
[00:07:16]   pso_probe rep2 ok (0 causal lines)
[00:07:21]   pso_probe rep3 ok (0 causal lines)
[00:07:26]   isa_probe rep1 ok (0 causal lines)
[00:07:31]   isa_probe rep2 ok (0 causal lines)
[00:07:36]   isa_probe rep3 ok (0 causal lines)
[00:07:41]   isa2_probe rep1 ok (0 causal lines)
[00:07:46]   isa2_probe rep2 ok (0 causal lines)
[00:07:51]   isa2_probe rep3 ok (0 causal lines)
[00:07:56]   ring_probe rep1 ok (0 causal lines)
[00:08:01]   ring_probe rep2 ok (0 causal lines)
[00:08:06]   ring_probe rep3 ok (0 causal lines)
[00:08:06] cycle 13 done; stable offsets so far: 161
[00:08:06] --- cycle 14 ---
[00:08:11]   wide_probe rep1 ok (0 causal lines)
[00:08:16]   wide_probe rep2 ok (0 causal lines)
[00:08:21]   wide_probe rep3 ok (0 causal lines)
[00:12:22]   validate_all rep1 ok (3 causal lines)
[00:12:27]   validate_all rep2 ok (20 causal lines)
[00:16:28]   validate_all rep3 ok (3 causal lines)
[00:16:33]   validate_sampler rep1 ok (6 causal lines)
[00:16:38]   validate_sampler rep2 ok (5 causal lines)
[00:16:43]   validate_sampler rep3 ok (5 causal lines)
[00:16:53]   validate_pass rep1 ok (4 causal lines)
[00:16:58]   validate_pass rep2 ok (4 causal lines)
[00:17:03]   validate_pass rep3 ok (4 causal lines)
[00:17:08]   state_probe rep1 ok (0 causal lines)
[00:17:13]   state_probe rep2 ok (0 causal lines)
[00:17:18]   state_probe rep3 ok (0 causal lines)
[00:17:23]   pass_probe rep1 ok (0 causal lines)
[00:17:28]   pass_probe rep2 ok (0 causal lines)
[00:17:33]   pass_probe rep3 ok (0 causal lines)
[00:17:38]   sampler_probe rep1 ok (0 causal lines)
[00:17:43]   sampler_probe rep2 ok (0 causal lines)
[00:17:48]   sampler_probe rep3 ok (0 causal lines)
[00:17:53]   pso_probe rep1 ok (0 causal lines)
[00:17:58]   pso_probe rep2 ok (0 causal lines)
[00:18:03]   pso_probe rep3 ok (0 causal lines)
[00:18:08]   isa_probe rep1 ok (0 causal lines)
[00:18:13]   isa_probe rep2 ok (0 causal lines)
[00:18:19]   isa_probe rep3 ok (0 causal lines)
[00:18:24]   isa2_probe rep1 ok (0 causal lines)
[00:18:29]   isa2_probe rep2 ok (0 causal lines)
[00:18:34]   isa2_probe rep3 ok (0 causal lines)
[00:18:39]   ring_probe rep1 ok (0 causal lines)
[00:18:44]   ring_probe rep2 ok (0 causal lines)
[00:18:49]   ring_probe rep3 ok (0 causal lines)
[00:18:49] cycle 14 done; stable offsets so far: 161
[00:18:49] --- cycle 15 ---
[00:18:54]   wide_probe rep1 ok (0 causal lines)
[00:18:59]   wide_probe rep2 ok (0 causal lines)
[00:19:04]   wide_probe rep3 ok (0 causal lines)
[00:19:09]   validate_all rep1 ok (20 causal lines)
[00:19:14]   validate_all rep2 ok (20 causal lines)
[00:19:19]   validate_all rep3 ok (20 causal lines)
[00:19:24]   validate_sampler rep1 ok (6 causal lines)
[00:19:29]   validate_sampler rep2 ok (5 causal lines)
[00:19:34]   validate_sampler rep3 ok (5 causal lines)
[00:19:39]   validate_pass rep1 ok (4 causal lines)
[00:19:44]   validate_pass rep2 ok (4 causal lines)
[00:19:49]   validate_pass rep3 ok (4 causal lines)
[00:19:54]   state_probe rep1 ok (0 causal lines)
[00:19:59]   state_probe rep2 ok (0 causal lines)
[00:20:04]   state_probe rep3 ok (0 causal lines)
[00:20:10]   pass_probe rep1 ok (0 causal lines)
[00:20:15]   pass_probe rep2 ok (0 causal lines)
[00:20:20]   pass_probe rep3 ok (0 causal lines)
[00:20:25]   sampler_probe rep1 ok (0 causal lines)
[00:20:30]   sampler_probe rep2 ok (0 causal lines)
[00:20:35]   sampler_probe rep3 ok (0 causal lines)
[00:20:40]   pso_probe rep1 ok (0 causal lines)
[00:20:45]   pso_probe rep2 ok (0 causal lines)
[00:20:50]   pso_probe rep3 ok (0 causal lines)
[00:20:55]   isa_probe rep1 ok (0 causal lines)
[00:21:00]   isa_probe rep2 ok (0 causal lines)
[00:21:05]   isa_probe rep3 ok (0 causal lines)
[00:21:10]   isa2_probe rep1 ok (0 causal lines)
[00:21:15]   isa2_probe rep2 ok (0 causal lines)
[00:21:20]   isa2_probe rep3 ok (0 causal lines)
[00:21:25]   ring_probe rep1 ok (0 causal lines)
[00:21:30]   ring_probe rep2 ok (0 causal lines)
[00:21:35]   ring_probe rep3 ok (0 causal lines)
[00:21:35] cycle 15 done; stable offsets so far: 161
[00:21:35] --- cycle 16 ---
[00:21:40]   wide_probe rep1 ok (0 causal lines)
[00:21:45]   wide_probe rep2 ok (0 causal lines)
[00:21:50]   wide_probe rep3 ok (0 causal lines)
[00:21:55]   validate_all rep1 ok (20 causal lines)
[00:25:46]   validate_all rep2 ok (3 causal lines)
[00:29:47]   validate_all rep3 ok (3 causal lines)
[00:29:52]   validate_sampler rep1 ok (5 causal lines)
[00:29:57]   validate_sampler rep2 ok (5 causal lines)
[00:30:02]   validate_sampler rep3 ok (6 causal lines)
[00:30:07]   validate_pass rep1 ok (4 causal lines)
[00:30:12]   validate_pass rep2 ok (4 causal lines)
[00:30:22]   validate_pass rep3 ok (4 causal lines)
[00:30:27]   state_probe rep1 ok (0 causal lines)
[00:30:32]   state_probe rep2 ok (0 causal lines)
[00:30:37]   state_probe rep3 ok (0 causal lines)
[00:30:42]   pass_probe rep1 ok (0 causal lines)
[00:30:47]   pass_probe rep2 ok (0 causal lines)
[00:30:52]   pass_probe rep3 ok (0 causal lines)
[00:30:57]   sampler_probe rep1 ok (0 causal lines)
[00:31:02]   sampler_probe rep2 ok (0 causal lines)
[00:31:07]   sampler_probe rep3 ok (0 causal lines)
[00:31:12]   pso_probe rep1 ok (0 causal lines)
[00:31:17]   pso_probe rep2 ok (0 causal lines)
[00:31:22]   pso_probe rep3 ok (0 causal lines)
[00:31:27]   isa_probe rep1 ok (0 causal lines)
[00:31:32]   isa_probe rep2 ok (0 causal lines)
[00:31:37]   isa_probe rep3 ok (0 causal lines)
[00:31:42]   isa2_probe rep1 ok (0 causal lines)
[00:31:47]   isa2_probe rep2 ok (0 causal lines)
[00:31:53]   isa2_probe rep3 ok (0 causal lines)
[00:31:58]   ring_probe rep1 ok (0 causal lines)
[00:32:03]   ring_probe rep2 ok (0 causal lines)
[00:32:08]   ring_probe rep3 ok (0 causal lines)
[00:32:08] cycle 16 done; stable offsets so far: 161
[00:32:08] --- cycle 17 ---
[00:32:13]   wide_probe rep1 ok (0 causal lines)
[00:32:18]   wide_probe rep2 ok (0 causal lines)
[00:32:23]   wide_probe rep3 ok (0 causal lines)
[00:32:28]   validate_all rep1 ok (20 causal lines)
[00:32:33]   validate_all rep2 ok (20 causal lines)
[00:32:38]   validate_all rep3 ok (20 causal lines)
[00:32:43]   validate_sampler rep1 ok (5 causal lines)
[00:32:48]   validate_sampler rep2 ok (6 causal lines)
[00:32:53]   validate_sampler rep3 ok (6 causal lines)
[00:32:58]   validate_pass rep1 ok (4 causal lines)
[00:33:08]   validate_pass rep2 ok (4 causal lines)
[00:33:13]   validate_pass rep3 ok (4 causal lines)
[00:33:18]   state_probe rep1 ok (0 causal lines)
[00:33:23]   state_probe rep2 ok (0 causal lines)
[00:33:28]   state_probe rep3 ok (0 causal lines)
[00:33:33]   pass_probe rep1 ok (0 causal lines)
[00:33:38]   pass_probe rep2 ok (0 causal lines)
[00:33:43]   pass_probe rep3 ok (0 causal lines)
[00:33:48]   sampler_probe rep1 ok (0 causal lines)
[00:33:53]   sampler_probe rep2 ok (0 causal lines)
[00:33:58]   sampler_probe rep3 ok (0 causal lines)
[00:34:03]   pso_probe rep1 ok (0 causal lines)
[00:34:09]   pso_probe rep2 ok (0 causal lines)
[00:34:14]   pso_probe rep3 ok (0 causal lines)
[00:34:19]   isa_probe rep1 ok (0 causal lines)
[00:34:24]   isa_probe rep2 ok (0 causal lines)
[00:34:29]   isa_probe rep3 ok (0 causal lines)
[00:34:34]   isa2_probe rep1 ok (0 causal lines)
[00:34:39]   isa2_probe rep2 ok (0 causal lines)
[00:34:44]   isa2_probe rep3 ok (0 causal lines)
[00:34:49]   ring_probe rep1 ok (0 causal lines)
[00:34:54]   ring_probe rep2 ok (0 causal lines)
[00:34:59]   ring_probe rep3 ok (0 causal lines)
[00:34:59] cycle 17 done; stable offsets so far: 161
[00:34:59] --- cycle 18 ---
[00:35:04]   wide_probe rep1 ok (0 causal lines)
[00:35:09]   wide_probe rep2 ok (0 causal lines)
[00:35:14]   wide_probe rep3 ok (0 causal lines)
[00:35:19]   validate_all rep1 ok (20 causal lines)
[00:39:20]   validate_all rep2 ok (3 causal lines)
[00:39:25]   validate_all rep3 ok (20 causal lines)
[00:39:30]   validate_sampler rep1 ok (6 causal lines)
[00:39:35]   validate_sampler rep2 ok (5 causal lines)
[00:39:40]   validate_sampler rep3 ok (6 causal lines)
[00:39:45]   validate_pass rep1 ok (4 causal lines)
[00:39:50]   validate_pass rep2 ok (4 causal lines)
[00:39:55]   validate_pass rep3 ok (4 causal lines)
[00:40:00]   state_probe rep1 ok (0 causal lines)
[00:40:05]   state_probe rep2 ok (0 causal lines)
[00:40:10]   state_probe rep3 ok (0 causal lines)
[00:40:15]   pass_probe rep1 ok (0 causal lines)
[00:40:20]   pass_probe rep2 ok (0 causal lines)
[00:40:25]   pass_probe rep3 ok (0 causal lines)
[00:40:30]   sampler_probe rep1 ok (0 causal lines)
[00:40:35]   sampler_probe rep2 ok (0 causal lines)
[00:40:40]   sampler_probe rep3 ok (0 causal lines)
[00:40:45]   pso_probe rep1 ok (0 causal lines)
[00:40:50]   pso_probe rep2 ok (0 causal lines)
[00:40:55]   pso_probe rep3 ok (0 causal lines)
[00:41:00]   isa_probe rep1 ok (0 causal lines)
[00:41:05]   isa_probe rep2 ok (0 causal lines)
[00:41:10]   isa_probe rep3 ok (0 causal lines)
[00:41:15]   isa2_probe rep1 ok (0 causal lines)
[00:41:21]   isa2_probe rep2 ok (0 causal lines)
[00:41:26]   isa2_probe rep3 ok (0 causal lines)
[00:41:31]   ring_probe rep1 ok (0 causal lines)
[00:41:36]   ring_probe rep2 ok (0 causal lines)
[00:41:41]   ring_probe rep3 ok (0 causal lines)
[00:41:41] cycle 18 done; stable offsets so far: 161
[00:41:41] --- cycle 19 ---
[00:41:46]   wide_probe rep1 ok (0 causal lines)
[00:41:51]   wide_probe rep2 ok (0 causal lines)
[00:41:56]   wide_probe rep3 ok (0 causal lines)
[00:45:56]   validate_all rep1 ok (3 causal lines)
[00:49:57]   validate_all rep2 ok (3 causal lines)
[00:53:58]   validate_all rep3 ok (3 causal lines)
[00:54:03]   validate_sampler rep1 ok (5 causal lines)
[00:54:08]   validate_sampler rep2 ok (6 causal lines)
[00:54:13]   validate_sampler rep3 ok (5 causal lines)
[00:54:18]   validate_pass rep1 ok (4 causal lines)
[00:54:23]   validate_pass rep2 ok (4 causal lines)
[00:54:28]   validate_pass rep3 ok (4 causal lines)
[00:54:33]   state_probe rep1 ok (0 causal lines)
[00:54:38]   state_probe rep2 ok (0 causal lines)
[00:54:43]   state_probe rep3 ok (0 causal lines)
[00:54:48]   pass_probe rep1 ok (0 causal lines)
[00:54:53]   pass_probe rep2 ok (0 causal lines)
[00:54:58]   pass_probe rep3 ok (0 causal lines)
[00:55:03]   sampler_probe rep1 ok (0 causal lines)
[00:55:08]   sampler_probe rep2 ok (0 causal lines)
[00:55:13]   sampler_probe rep3 ok (0 causal lines)
[00:55:18]   pso_probe rep1 ok (0 causal lines)
[00:55:23]   pso_probe rep2 ok (0 causal lines)
[00:55:28]   pso_probe rep3 ok (0 causal lines)
[00:55:33]   isa_probe rep1 ok (0 causal lines)
[00:55:38]   isa_probe rep2 ok (0 causal lines)
[00:55:43]   isa_probe rep3 ok (0 causal lines)
[00:55:48]   isa2_probe rep1 ok (0 causal lines)
[00:55:54]   isa2_probe rep2 ok (0 causal lines)
[00:55:59]   isa2_probe rep3 ok (0 causal lines)
[00:56:04]   ring_probe rep1 ok (0 causal lines)
[00:56:09]   ring_probe rep2 ok (0 causal lines)
[00:56:14]   ring_probe rep3 ok (0 causal lines)
[00:56:14] cycle 19 done; stable offsets so far: 161
[00:56:14] --- cycle 20 ---
[00:56:19]   wide_probe rep1 ok (0 causal lines)
[00:56:24]   wide_probe rep2 ok (0 causal lines)
[00:56:29]   wide_probe rep3 ok (0 causal lines)
[01:00:29]   validate_all rep1 ok (3 causal lines)
[01:00:34]   validate_all rep2 ok (20 causal lines)
[01:00:39]   validate_all rep3 ok (20 causal lines)
[01:00:45]   validate_sampler rep1 ok (5 causal lines)
[01:00:50]   validate_sampler rep2 ok (6 causal lines)
[01:00:55]   validate_sampler rep3 ok (5 causal lines)
[01:01:00]   validate_pass rep1 ok (3 causal lines)
[01:01:05]   validate_pass rep2 ok (4 causal lines)
[01:01:10]   validate_pass rep3 ok (4 causal lines)
[01:01:15]   state_probe rep1 ok (0 causal lines)
[01:01:20]   state_probe rep2 ok (0 causal lines)
[01:01:25]   state_probe rep3 ok (0 causal lines)
[01:01:30]   pass_probe rep1 ok (0 causal lines)
[01:01:35]   pass_probe rep2 ok (0 causal lines)
[01:01:40]   pass_probe rep3 ok (0 causal lines)
[01:01:45]   sampler_probe rep1 ok (0 causal lines)
[01:01:50]   sampler_probe rep2 ok (0 causal lines)
[01:01:55]   sampler_probe rep3 ok (0 causal lines)
[01:02:00]   pso_probe rep1 ok (0 causal lines)
[01:02:05]   pso_probe rep2 ok (0 causal lines)
[01:02:10]   pso_probe rep3 ok (0 causal lines)
[01:02:15]   isa_probe rep1 ok (0 causal lines)
[01:02:20]   isa_probe rep2 ok (0 causal lines)
[01:02:25]   isa_probe rep3 ok (0 causal lines)
[01:02:30]   isa2_probe rep1 ok (0 causal lines)
[01:02:35]   isa2_probe rep2 ok (0 causal lines)
[01:02:40]   isa2_probe rep3 ok (0 causal lines)
[01:02:45]   ring_probe rep1 ok (0 causal lines)
[01:02:50]   ring_probe rep2 ok (0 causal lines)
[01:02:55]   ring_probe rep3 ok (0 causal lines)
[01:02:56] cycle 20 done; stable offsets so far: 161
[01:02:56] --- cycle 21 ---
[01:03:01]   wide_probe rep1 ok (0 causal lines)
[01:03:06]   wide_probe rep2 ok (0 causal lines)
[01:03:11]   wide_probe rep3 ok (0 causal lines)
[01:07:11]   validate_all rep1 ok (3 causal lines)
[01:11:02]   validate_all rep2 ok (3 causal lines)
[01:11:07]   validate_all rep3 ok (20 causal lines)
[01:11:12]   validate_sampler rep1 ok (6 causal lines)
[01:11:17]   validate_sampler rep2 ok (5 causal lines)
[01:11:22]   validate_sampler rep3 ok (5 causal lines)
[01:11:27]   validate_pass rep1 ok (4 causal lines)
[01:11:32]   validate_pass rep2 ok (4 causal lines)
[01:11:37]   validate_pass rep3 ok (4 causal lines)
[01:11:42]   state_probe rep1 ok (0 causal lines)
[01:11:47]   state_probe rep2 ok (0 causal lines)
[01:11:52]   state_probe rep3 ok (0 causal lines)
[01:11:57]   pass_probe rep1 ok (0 causal lines)
[01:12:02]   pass_probe rep2 ok (0 causal lines)
[01:12:07]   pass_probe rep3 ok (0 causal lines)
[01:12:12]   sampler_probe rep1 ok (0 causal lines)
[01:12:17]   sampler_probe rep2 ok (0 causal lines)
[01:12:22]   sampler_probe rep3 ok (0 causal lines)
[01:12:27]   pso_probe rep1 ok (0 causal lines)
[01:12:32]   pso_probe rep2 ok (0 causal lines)
[01:12:37]   pso_probe rep3 ok (0 causal lines)
[01:12:43]   isa_probe rep1 ok (0 causal lines)
[01:12:48]   isa_probe rep2 ok (0 causal lines)
[01:12:53]   isa_probe rep3 ok (0 causal lines)
[01:12:58]   isa2_probe rep1 ok (0 causal lines)
[01:13:03]   isa2_probe rep2 ok (0 causal lines)
[01:13:08]   isa2_probe rep3 ok (0 causal lines)
[01:13:13]   ring_probe rep1 ok (0 causal lines)
[01:13:18]   ring_probe rep2 ok (0 causal lines)
[01:13:23]   ring_probe rep3 ok (0 causal lines)
[01:13:23] cycle 21 done; stable offsets so far: 161
[01:13:23] --- cycle 22 ---
[01:13:28]   wide_probe rep1 ok (0 causal lines)
[01:13:33]   wide_probe rep2 ok (0 causal lines)
[01:13:38]   wide_probe rep3 ok (0 causal lines)
[01:17:29]   validate_all rep1 ok (3 causal lines)
[01:21:29]   validate_all rep2 ok (3 causal lines)
[01:21:34]   validate_all rep3 ok (20 causal lines)
[01:21:39]   validate_sampler rep1 ok (6 causal lines)
[01:21:44]   validate_sampler rep2 ok (5 causal lines)
[01:21:49]   validate_sampler rep3 ok (5 causal lines)
[01:21:54]   validate_pass rep1 ok (4 causal lines)
[01:21:59]   validate_pass rep2 ok (4 causal lines)
[01:22:04]   validate_pass rep3 ok (4 causal lines)
[01:22:09]   state_probe rep1 ok (0 causal lines)
[01:22:14]   state_probe rep2 ok (0 causal lines)
[01:22:19]   state_probe rep3 ok (0 causal lines)
[01:22:24]   pass_probe rep1 ok (0 causal lines)
[01:22:30]   pass_probe rep2 ok (0 causal lines)
[01:22:35]   pass_probe rep3 ok (0 causal lines)
[01:22:40]   sampler_probe rep1 ok (0 causal lines)
[01:22:45]   sampler_probe rep2 ok (0 causal lines)
[01:22:50]   sampler_probe rep3 ok (0 causal lines)
[01:22:55]   pso_probe rep1 ok (0 causal lines)
[01:23:00]   pso_probe rep2 ok (0 causal lines)
[01:23:05]   pso_probe rep3 ok (0 causal lines)
[01:23:10]   isa_probe rep1 ok (0 causal lines)
[01:23:15]   isa_probe rep2 ok (0 causal lines)
[01:23:20]   isa_probe rep3 ok (0 causal lines)
[01:23:25]   isa2_probe rep1 ok (0 causal lines)
[01:23:30]   isa2_probe rep2 ok (0 causal lines)
[01:23:35]   isa2_probe rep3 ok (0 causal lines)
[01:23:40]   ring_probe rep1 ok (0 causal lines)
[01:23:45]   ring_probe rep2 ok (0 causal lines)
[01:23:50]   ring_probe rep3 ok (0 causal lines)
[01:23:50] cycle 22 done; stable offsets so far: 161
[01:23:50] --- cycle 23 ---
[01:23:55]   wide_probe rep1 ok (0 causal lines)
[01:24:00]   wide_probe rep2 ok (0 causal lines)
[01:24:05]   wide_probe rep3 ok (0 causal lines)
[01:27:56]   validate_all rep1 ok (3 causal lines)
[01:28:01]   validate_all rep2 ok (20 causal lines)
[01:32:01]   validate_all rep3 ok (3 causal lines)
[01:32:06]   validate_sampler rep1 ok (6 causal lines)
[01:32:12]   validate_sampler rep2 ok (6 causal lines)
[01:32:17]   validate_sampler rep3 ok (6 causal lines)
[01:32:22]   validate_pass rep1 ok (4 causal lines)
[01:32:27]   validate_pass rep2 ok (4 causal lines)
[01:32:32]   validate_pass rep3 ok (4 causal lines)
[01:32:37]   state_probe rep1 ok (0 causal lines)
[01:32:42]   state_probe rep2 ok (0 causal lines)
[01:32:47]   state_probe rep3 ok (0 causal lines)
[01:32:52]   pass_probe rep1 ok (0 causal lines)
[01:32:57]   pass_probe rep2 ok (0 causal lines)
[01:33:02]   pass_probe rep3 ok (0 causal lines)
[01:33:07]   sampler_probe rep1 ok (0 causal lines)
[01:33:12]   sampler_probe rep2 ok (0 causal lines)
[01:33:17]   sampler_probe rep3 ok (0 causal lines)
[01:33:22]   pso_probe rep1 ok (0 causal lines)
[01:33:27]   pso_probe rep2 ok (0 causal lines)
[01:33:32]   pso_probe rep3 ok (0 causal lines)
[01:33:37]   isa_probe rep1 ok (0 causal lines)
[01:33:42]   isa_probe rep2 ok (0 causal lines)
[01:33:47]   isa_probe rep3 ok (0 causal lines)
[01:33:52]   isa2_probe rep1 ok (0 causal lines)
[01:33:57]   isa2_probe rep2 ok (0 causal lines)
[01:34:02]   isa2_probe rep3 ok (0 causal lines)
[01:34:07]   ring_probe rep1 ok (0 causal lines)
[01:34:12]   ring_probe rep2 ok (0 causal lines)
[01:34:17]   ring_probe rep3 ok (0 causal lines)
[01:34:17] cycle 23 done; stable offsets so far: 162
[01:34:17] --- cycle 24 ---
[01:34:22]   wide_probe rep1 ok (0 causal lines)
[01:34:28]   wide_probe rep2 ok (0 causal lines)
[01:34:33]   wide_probe rep3 ok (0 causal lines)
[01:34:38]   validate_all rep1 ok (20 causal lines)
[01:38:38]   validate_all rep2 ok (3 causal lines)
[01:42:29]   validate_all rep3 ok (3 causal lines)
[01:42:34]   validate_sampler rep1 ok (5 causal lines)
[01:42:39]   validate_sampler rep2 ok (6 causal lines)
[01:42:44]   validate_sampler rep3 ok (6 causal lines)
[01:42:49]   validate_pass rep1 ok (4 causal lines)
[01:42:54]   validate_pass rep2 ok (4 causal lines)
[01:42:59]   validate_pass rep3 ok (4 causal lines)
[01:43:04]   state_probe rep1 ok (0 causal lines)
[01:43:09]   state_probe rep2 ok (0 causal lines)
[01:43:14]   state_probe rep3 ok (0 causal lines)
[01:43:19]   pass_probe rep1 ok (0 causal lines)
[01:43:24]   pass_probe rep2 ok (0 causal lines)
[01:43:29]   pass_probe rep3 ok (0 causal lines)
[01:43:34]   sampler_probe rep1 ok (0 causal lines)
[01:43:39]   sampler_probe rep2 ok (0 causal lines)
[01:43:44]   sampler_probe rep3 ok (0 causal lines)
[01:43:49]   pso_probe rep1 ok (0 causal lines)
[01:43:54]   pso_probe rep2 ok (0 causal lines)
[01:43:59]   pso_probe rep3 ok (0 causal lines)
[01:44:04]   isa_probe rep1 ok (0 causal lines)
[01:44:09]   isa_probe rep2 ok (0 causal lines)
[01:44:14]   isa_probe rep3 ok (0 causal lines)
[01:44:19]   isa2_probe rep1 ok (0 causal lines)
[01:44:24]   isa2_probe rep2 ok (0 causal lines)
[01:44:29]   isa2_probe rep3 ok (0 causal lines)
[01:44:34]   ring_probe rep1 ok (0 causal lines)
[01:44:40]   ring_probe rep2 ok (0 causal lines)
[01:44:45]   ring_probe rep3 ok (0 causal lines)
[01:44:45] cycle 24 done; stable offsets so far: 162
[01:44:45] --- cycle 25 ---
[01:44:50]   wide_probe rep1 ok (0 causal lines)
[01:44:55]   wide_probe rep2 ok (0 causal lines)
[01:45:00]   wide_probe rep3 ok (0 causal lines)
[01:49:00]   validate_all rep1 ok (3 causal lines)
[01:53:01]   validate_all rep2 ok (3 causal lines)
[01:56:51]   validate_all rep3 ok (3 causal lines)
[01:56:56]   validate_sampler rep1 ok (6 causal lines)
[01:57:01]   validate_sampler rep2 ok (5 causal lines)
[01:57:07]   validate_sampler rep3 ok (6 causal lines)
[01:57:12]   validate_pass rep1 ok (4 causal lines)
[01:57:17]   validate_pass rep2 ok (4 causal lines)
[01:57:22]   validate_pass rep3 ok (4 causal lines)
[01:57:27]   state_probe rep1 ok (0 causal lines)
[01:57:32]   state_probe rep2 ok (0 causal lines)
[01:57:37]   state_probe rep3 ok (0 causal lines)
[01:57:42]   pass_probe rep1 ok (0 causal lines)
[01:57:47]   pass_probe rep2 ok (0 causal lines)
[01:57:52]   pass_probe rep3 ok (0 causal lines)
[01:57:57]   sampler_probe rep1 ok (0 causal lines)
[01:58:02]   sampler_probe rep2 ok (0 causal lines)
[01:58:07]   sampler_probe rep3 ok (0 causal lines)
[01:58:12]   pso_probe rep1 ok (0 causal lines)
[01:58:17]   pso_probe rep2 ok (0 causal lines)
[01:58:22]   pso_probe rep3 ok (0 causal lines)
[01:58:27]   isa_probe rep1 ok (0 causal lines)
[01:58:32]   isa_probe rep2 ok (0 causal lines)
[01:58:37]   isa_probe rep3 ok (0 causal lines)
[01:58:42]   isa2_probe rep1 ok (0 causal lines)
[01:58:47]   isa2_probe rep2 ok (0 causal lines)
[01:58:52]   isa2_probe rep3 ok (0 causal lines)
[01:58:57]   ring_probe rep1 ok (0 causal lines)
[01:59:02]   ring_probe rep2 ok (0 causal lines)
[01:59:07]   ring_probe rep3 ok (0 causal lines)
[01:59:07] cycle 25 done; stable offsets so far: 162
[01:59:07] --- cycle 26 ---
[01:59:12]   wide_probe rep1 ok (0 causal lines)
[01:59:17]   wide_probe rep2 ok (0 causal lines)
[01:59:22]   wide_probe rep3 ok (0 causal lines)
[02:03:13]   validate_all rep1 ok (3 causal lines)
[02:03:18]   validate_all rep2 ok (20 causal lines)
[02:07:19]   validate_all rep3 ok (3 causal lines)
[02:07:24]   validate_sampler rep1 ok (6 causal lines)
[02:07:29]   validate_sampler rep2 ok (6 causal lines)
[02:07:34]   validate_sampler rep3 ok (5 causal lines)
[02:07:39]   validate_pass rep1 ok (4 causal lines)
[02:07:44]   validate_pass rep2 ok (4 causal lines)
[02:07:49]   validate_pass rep3 ok (4 causal lines)
[02:07:54]   state_probe rep1 ok (0 causal lines)
[02:07:59]   state_probe rep2 ok (0 causal lines)
[02:08:04]   state_probe rep3 ok (0 causal lines)
[02:08:09]   pass_probe rep1 ok (0 causal lines)
[02:08:14]   pass_probe rep2 ok (0 causal lines)
[02:08:19]   pass_probe rep3 ok (0 causal lines)
[02:08:24]   sampler_probe rep1 ok (0 causal lines)
[02:08:29]   sampler_probe rep2 ok (0 causal lines)
[02:08:34]   sampler_probe rep3 ok (0 causal lines)
[02:08:39]   pso_probe rep1 ok (0 causal lines)
[02:08:44]   pso_probe rep2 ok (0 causal lines)
[02:08:49]   pso_probe rep3 ok (0 causal lines)
[02:08:54]   isa_probe rep1 ok (0 causal lines)
[02:08:59]   isa_probe rep2 ok (0 causal lines)
[02:09:04]   isa_probe rep3 ok (0 causal lines)
[02:09:09]   isa2_probe rep1 ok (0 causal lines)
[02:09:14]   isa2_probe rep2 ok (0 causal lines)
[02:09:19]   isa2_probe rep3 ok (0 causal lines)
[02:09:25]   ring_probe rep1 ok (0 causal lines)
[02:09:30]   ring_probe rep2 ok (0 causal lines)
[02:09:35]   ring_probe rep3 ok (0 causal lines)
[02:09:35] cycle 26 done; stable offsets so far: 162
[02:09:35] --- cycle 27 ---
[02:09:40]   wide_probe rep1 ok (0 causal lines)
[02:09:45]   wide_probe rep2 ok (0 causal lines)
[02:09:50]   wide_probe rep3 ok (0 causal lines)
[02:09:55]   validate_all rep1 ok (20 causal lines)
[02:10:00]   validate_all rep2 ok (20 causal lines)
[02:10:05]   validate_all rep3 ok (20 causal lines)
[02:10:10]   validate_sampler rep1 ok (6 causal lines)
[02:10:15]   validate_sampler rep2 ok (6 causal lines)
[02:10:20]   validate_sampler rep3 ok (6 causal lines)
[02:10:25]   validate_pass rep1 ok (4 causal lines)
[02:10:30]   validate_pass rep2 ok (4 causal lines)
[02:10:35]   validate_pass rep3 ok (4 causal lines)
[02:10:40]   state_probe rep1 ok (0 causal lines)
[02:10:45]   state_probe rep2 ok (0 causal lines)
[02:10:50]   state_probe rep3 ok (0 causal lines)
[02:10:55]   pass_probe rep1 ok (0 causal lines)
[02:11:00]   pass_probe rep2 ok (0 causal lines)
[02:11:05]   pass_probe rep3 ok (0 causal lines)
[02:11:10]   sampler_probe rep1 ok (0 causal lines)
[02:11:15]   sampler_probe rep2 ok (0 causal lines)
[02:11:20]   sampler_probe rep3 ok (0 causal lines)
[02:11:25]   pso_probe rep1 ok (0 causal lines)
[02:11:30]   pso_probe rep2 ok (0 causal lines)
[02:11:35]   pso_probe rep3 ok (0 causal lines)
[02:11:40]   isa_probe rep1 ok (0 causal lines)
[02:11:46]   isa_probe rep2 ok (0 causal lines)
[02:11:51]   isa_probe rep3 ok (0 causal lines)
[02:11:56]   isa2_probe rep1 ok (0 causal lines)
[02:12:01]   isa2_probe rep2 ok (0 causal lines)
[02:12:06]   isa2_probe rep3 ok (0 causal lines)
[02:12:11]   ring_probe rep1 ok (0 causal lines)
[02:12:16]   ring_probe rep2 ok (0 causal lines)
[02:12:21]   ring_probe rep3 ok (0 causal lines)
[02:12:21] cycle 27 done; stable offsets so far: 162
[02:12:21] --- cycle 28 ---
[02:12:26]   wide_probe rep1 ok (0 causal lines)
[02:12:31]   wide_probe rep2 ok (0 causal lines)
[02:12:36]   wide_probe rep3 ok (0 causal lines)
[02:16:37]   validate_all rep1 ok (3 causal lines)
[02:20:27]   validate_all rep2 ok (3 causal lines)
[02:20:32]   validate_all rep3 ok (20 causal lines)
[02:20:37]   validate_sampler rep1 ok (5 causal lines)
[02:20:42]   validate_sampler rep2 ok (6 causal lines)
[02:20:47]   validate_sampler rep3 ok (5 causal lines)
[02:20:52]   validate_pass rep1 ok (4 causal lines)
[02:20:57]   validate_pass rep2 ok (4 causal lines)
[02:21:02]   validate_pass rep3 ok (4 causal lines)
[02:21:07]   state_probe rep1 ok (0 causal lines)
[02:21:12]   state_probe rep2 ok (0 causal lines)
[02:21:17]   state_probe rep3 ok (0 causal lines)
[02:21:22]   pass_probe rep1 ok (0 causal lines)
[02:21:27]   pass_probe rep2 ok (0 causal lines)
[02:21:32]   pass_probe rep3 ok (0 causal lines)
[02:21:37]   sampler_probe rep1 ok (0 causal lines)
[02:21:42]   sampler_probe rep2 ok (0 causal lines)
[02:21:47]   sampler_probe rep3 ok (0 causal lines)
[02:21:53]   pso_probe rep1 ok (0 causal lines)
[02:21:58]   pso_probe rep2 ok (0 causal lines)
[02:22:03]   pso_probe rep3 ok (0 causal lines)
[02:22:08]   isa_probe rep1 ok (0 causal lines)
[02:22:13]   isa_probe rep2 ok (0 causal lines)
[02:22:18]   isa_probe rep3 ok (0 causal lines)
[02:22:23]   isa2_probe rep1 ok (0 causal lines)
[02:22:28]   isa2_probe rep2 ok (0 causal lines)
[02:22:33]   isa2_probe rep3 ok (0 causal lines)
[02:22:38]   ring_probe rep1 ok (0 causal lines)
[02:22:43]   ring_probe rep2 ok (0 causal lines)
[02:22:48]   ring_probe rep3 ok (0 causal lines)
[02:22:48] cycle 28 done; stable offsets so far: 162
[02:22:48] --- cycle 29 ---
[02:22:53]   wide_probe rep1 ok (0 causal lines)
[02:22:58]   wide_probe rep2 ok (0 causal lines)
[02:23:03]   wide_probe rep3 ok (0 causal lines)
[02:27:04]   validate_all rep1 ok (3 causal lines)
[02:30:54]   validate_all rep2 ok (3 causal lines)
[02:30:59]   validate_all rep3 ok (20 causal lines)
[02:31:04]   validate_sampler rep1 ok (5 causal lines)
[02:31:09]   validate_sampler rep2 ok (6 causal lines)
[02:31:14]   validate_sampler rep3 ok (6 causal lines)
[02:31:19]   validate_pass rep1 ok (4 causal lines)
[02:31:24]   validate_pass rep2 ok (4 causal lines)
[02:31:29]   validate_pass rep3 ok (4 causal lines)
[02:31:34]   state_probe rep1 ok (0 causal lines)
[02:31:39]   state_probe rep2 ok (0 causal lines)
[02:31:45]   state_probe rep3 ok (0 causal lines)
[02:31:50]   pass_probe rep1 ok (0 causal lines)
[02:31:55]   pass_probe rep2 ok (0 causal lines)
[02:32:00]   pass_probe rep3 ok (0 causal lines)
[02:32:05]   sampler_probe rep1 ok (0 causal lines)
[02:32:10]   sampler_probe rep2 ok (0 causal lines)
[02:32:15]   sampler_probe rep3 ok (0 causal lines)
[02:32:20]   pso_probe rep1 ok (0 causal lines)
[02:32:25]   pso_probe rep2 ok (0 causal lines)
[02:32:30]   pso_probe rep3 ok (0 causal lines)
[02:32:35]   isa_probe rep1 ok (0 causal lines)
[02:32:40]   isa_probe rep2 ok (0 causal lines)
[02:32:45]   isa_probe rep3 ok (0 causal lines)
[02:32:50]   isa2_probe rep1 ok (0 causal lines)
[02:32:55]   isa2_probe rep2 ok (0 causal lines)
[02:33:00]   isa2_probe rep3 ok (0 causal lines)
[02:33:05]   ring_probe rep1 ok (0 causal lines)
[02:33:10]   ring_probe rep2 ok (0 causal lines)
[02:33:15]   ring_probe rep3 ok (0 causal lines)
[02:33:15] cycle 29 done; stable offsets so far: 162
[02:33:15] --- cycle 30 ---
[02:33:20]   wide_probe rep1 ok (0 causal lines)
[02:33:25]   wide_probe rep2 ok (0 causal lines)
[02:33:30]   wide_probe rep3 ok (0 causal lines)
[02:33:35]   validate_all rep1 ok (20 causal lines)
[02:33:40]   validate_all rep2 ok (20 causal lines)
[02:33:45]   validate_all rep3 ok (20 causal lines)
[02:33:50]   validate_sampler rep1 ok (5 causal lines)
[02:33:55]   validate_sampler rep2 ok (5 causal lines)
[02:34:01]   validate_sampler rep3 ok (5 causal lines)
[02:34:06]   validate_pass rep1 ok (4 causal lines)
[02:34:11]   validate_pass rep2 ok (4 causal lines)
[02:34:16]   validate_pass rep3 ok (4 causal lines)
[02:34:21]   state_probe rep1 ok (0 causal lines)
[02:34:26]   state_probe rep2 ok (0 causal lines)
[02:34:31]   state_probe rep3 ok (0 causal lines)
[02:34:36]   pass_probe rep1 ok (0 causal lines)
[02:34:41]   pass_probe rep2 ok (0 causal lines)
[02:34:46]   pass_probe rep3 ok (0 causal lines)
[02:34:51]   sampler_probe rep1 ok (0 causal lines)
[02:34:56]   sampler_probe rep2 ok (0 causal lines)
[02:35:01]   sampler_probe rep3 ok (0 causal lines)
[02:35:06]   pso_probe rep1 ok (0 causal lines)
[02:35:11]   pso_probe rep2 ok (0 causal lines)
[02:35:16]   pso_probe rep3 ok (0 causal lines)
[02:35:21]   isa_probe rep1 ok (0 causal lines)
[02:35:26]   isa_probe rep2 ok (0 causal lines)
[02:35:31]   isa_probe rep3 ok (0 causal lines)
[02:35:36]   isa2_probe rep1 ok (0 causal lines)
[02:35:41]   isa2_probe rep2 ok (0 causal lines)
[02:35:46]   isa2_probe rep3 ok (0 causal lines)
[02:35:51]   ring_probe rep1 ok (0 causal lines)
[02:35:56]   ring_probe rep2 ok (0 causal lines)
[02:36:01]   ring_probe rep3 ok (0 causal lines)
[02:36:01] cycle 30 done; stable offsets so far: 162
[02:36:01] --- cycle 31 ---
[02:36:06]   wide_probe rep1 ok (0 causal lines)
[02:36:11]   wide_probe rep2 ok (0 causal lines)
[02:36:16]   wide_probe rep3 ok (0 causal lines)
[02:40:07]   validate_all rep1 ok (3 causal lines)
[02:40:12]   validate_all rep2 ok (20 causal lines)
[02:40:17]   validate_all rep3 ok (20 causal lines)
[02:40:22]   validate_sampler rep1 ok (6 causal lines)
[02:40:27]   validate_sampler rep2 ok (5 causal lines)
[02:40:32]   validate_sampler rep3 ok (5 causal lines)
[02:40:37]   validate_pass rep1 ok (4 causal lines)
[02:40:42]   validate_pass rep2 ok (4 causal lines)
[02:40:47]   validate_pass rep3 ok (4 causal lines)
[02:40:52]   state_probe rep1 ok (0 causal lines)
[02:40:57]   state_probe rep2 ok (0 causal lines)
[02:41:02]   state_probe rep3 ok (0 causal lines)
[02:41:07]   pass_probe rep1 ok (0 causal lines)
[02:41:12]   pass_probe rep2 ok (0 causal lines)
[02:41:17]   pass_probe rep3 ok (0 causal lines)
[02:41:23]   sampler_probe rep1 ok (0 causal lines)
[02:41:28]   sampler_probe rep2 ok (0 causal lines)
[02:41:33]   sampler_probe rep3 ok (0 causal lines)
[02:41:38]   pso_probe rep1 ok (0 causal lines)
[02:41:43]   pso_probe rep2 ok (0 causal lines)
[02:41:48]   pso_probe rep3 ok (0 causal lines)
[02:41:53]   isa_probe rep1 ok (0 causal lines)
[02:41:58]   isa_probe rep2 ok (0 causal lines)
[02:42:03]   isa_probe rep3 ok (0 causal lines)
[02:42:08]   isa2_probe rep1 ok (0 causal lines)
[02:42:13]   isa2_probe rep2 ok (0 causal lines)
[02:42:18]   isa2_probe rep3 ok (0 causal lines)
[02:42:23]   ring_probe rep1 ok (0 causal lines)
[02:42:28]   ring_probe rep2 ok (0 causal lines)
[02:42:33]   ring_probe rep3 ok (0 causal lines)
[02:42:33] cycle 31 done; stable offsets so far: 162
[02:42:33] --- cycle 32 ---
[02:42:38]   wide_probe rep1 ok (0 causal lines)
[02:42:43]   wide_probe rep2 ok (0 causal lines)
[02:42:48]   wide_probe rep3 ok (0 causal lines)
[02:42:53]   validate_all rep1 ok (20 causal lines)
[02:46:54]   validate_all rep2 ok (3 causal lines)
[02:50:54]   validate_all rep3 ok (3 causal lines)
[02:50:59]   validate_sampler rep1 ok (5 causal lines)
[02:51:04]   validate_sampler rep2 ok (6 causal lines)
[02:51:10]   validate_sampler rep3 ok (6 causal lines)
[02:51:15]   validate_pass rep1 ok (4 causal lines)
[02:51:20]   validate_pass rep2 ok (4 causal lines)
[02:51:25]   validate_pass rep3 ok (4 causal lines)
[02:51:30]   state_probe rep1 ok (0 causal lines)
[02:51:35]   state_probe rep2 ok (0 causal lines)
[02:51:40]   state_probe rep3 ok (0 causal lines)
[02:51:45]   pass_probe rep1 ok (0 causal lines)
[02:51:50]   pass_probe rep2 ok (0 causal lines)
[02:51:55]   pass_probe rep3 ok (0 causal lines)
[02:52:00]   sampler_probe rep1 ok (0 causal lines)
[02:52:05]   sampler_probe rep2 ok (0 causal lines)
[02:52:10]   sampler_probe rep3 ok (0 causal lines)
[02:52:15]   pso_probe rep1 ok (0 causal lines)
[02:52:20]   pso_probe rep2 ok (0 causal lines)
[02:52:25]   pso_probe rep3 ok (0 causal lines)
[02:52:30]   isa_probe rep1 ok (0 causal lines)
[02:52:35]   isa_probe rep2 ok (0 causal lines)
[02:52:40]   isa_probe rep3 ok (0 causal lines)
[02:52:45]   isa2_probe rep1 ok (0 causal lines)
[02:52:50]   isa2_probe rep2 ok (0 causal lines)
[02:52:55]   isa2_probe rep3 ok (0 causal lines)
[02:53:00]   ring_probe rep1 ok (0 causal lines)
[02:53:05]   ring_probe rep2 ok (0 causal lines)
[02:53:10]   ring_probe rep3 ok (0 causal lines)
[02:53:10] cycle 32 done; stable offsets so far: 162
[02:53:10] --- cycle 33 ---
[02:53:15]   wide_probe rep1 ok (0 causal lines)
[02:53:20]   wide_probe rep2 ok (0 causal lines)
[02:53:26]   wide_probe rep3 ok (0 causal lines)
[02:53:31]   validate_all rep1 ok (20 causal lines)
[02:53:36]   validate_all rep2 ok (20 causal lines)
[02:57:26]   validate_all rep3 ok (3 causal lines)
[02:57:31]   validate_sampler rep1 ok (7 causal lines)
[02:57:36]   validate_sampler rep2 ok (5 causal lines)
[02:57:41]   validate_sampler rep3 ok (5 causal lines)
[02:57:46]   validate_pass rep1 ok (4 causal lines)
[02:57:51]   validate_pass rep2 ok (4 causal lines)
[02:57:56]   validate_pass rep3 ok (4 causal lines)
[02:58:01]   state_probe rep1 ok (0 causal lines)
[02:58:06]   state_probe rep2 ok (0 causal lines)
[02:58:11]   state_probe rep3 ok (0 causal lines)
[02:58:17]   pass_probe rep1 ok (0 causal lines)
[02:58:22]   pass_probe rep2 ok (0 causal lines)
[02:58:27]   pass_probe rep3 ok (0 causal lines)
[02:58:32]   sampler_probe rep1 ok (0 causal lines)
[02:58:37]   sampler_probe rep2 ok (0 causal lines)
[02:58:42]   sampler_probe rep3 ok (0 causal lines)
[02:58:47]   pso_probe rep1 ok (0 causal lines)
[02:58:52]   pso_probe rep2 ok (0 causal lines)
[02:58:57]   pso_probe rep3 ok (0 causal lines)
[02:59:02]   isa_probe rep1 ok (0 causal lines)
[02:59:07]   isa_probe rep2 ok (0 causal lines)
[02:59:12]   isa_probe rep3 ok (0 causal lines)
[02:59:17]   isa2_probe rep1 ok (0 causal lines)
[02:59:22]   isa2_probe rep2 ok (0 causal lines)
[02:59:27]   isa2_probe rep3 ok (0 causal lines)
[02:59:32]   ring_probe rep1 ok (0 causal lines)
[02:59:37]   ring_probe rep2 ok (0 causal lines)
[02:59:42]   ring_probe rep3 ok (0 causal lines)
[02:59:42] cycle 33 done; stable offsets so far: 162
[02:59:42] --- cycle 34 ---
[02:59:47]   wide_probe rep1 ok (0 causal lines)
[02:59:52]   wide_probe rep2 ok (0 causal lines)
[02:59:57]   wide_probe rep3 ok (0 causal lines)
[03:00:02]   validate_all rep1 ok (20 causal lines)
[03:00:07]   validate_all rep2 ok (20 causal lines)
[03:03:58]   validate_all rep3 ok (3 causal lines)
[03:04:03]   validate_sampler rep1 ok (5 causal lines)
[03:04:08]   validate_sampler rep2 ok (6 causal lines)
[03:04:13]   validate_sampler rep3 ok (5 causal lines)
[03:04:18]   validate_pass rep1 ok (4 causal lines)
[03:04:23]   validate_pass rep2 ok (4 causal lines)
[03:04:28]   validate_pass rep3 ok (4 causal lines)
[03:04:33]   state_probe rep1 ok (0 causal lines)
[03:04:38]   state_probe rep2 ok (0 causal lines)
[03:04:43]   state_probe rep3 ok (0 causal lines)
[03:04:48]   pass_probe rep1 ok (0 causal lines)
[03:04:53]   pass_probe rep2 ok (0 causal lines)
[03:04:58]   pass_probe rep3 ok (0 causal lines)
[03:05:03]   sampler_probe rep1 ok (0 causal lines)
[03:05:08]   sampler_probe rep2 ok (0 causal lines)
[03:05:13]   sampler_probe rep3 ok (0 causal lines)
[03:05:19]   pso_probe rep1 ok (0 causal lines)
[03:05:24]   pso_probe rep2 ok (0 causal lines)
[03:05:29]   pso_probe rep3 ok (0 causal lines)
[03:05:34]   isa_probe rep1 ok (0 causal lines)
[03:05:39]   isa_probe rep2 ok (0 causal lines)
[03:05:44]   isa_probe rep3 ok (0 causal lines)
[03:05:49]   isa2_probe rep1 ok (0 causal lines)
[03:05:54]   isa2_probe rep2 ok (0 causal lines)
[03:05:59]   isa2_probe rep3 ok (0 causal lines)
[03:06:04]   ring_probe rep1 ok (0 causal lines)
[03:06:09]   ring_probe rep2 ok (0 causal lines)
[03:06:14]   ring_probe rep3 ok (0 causal lines)
[03:06:14] cycle 34 done; stable offsets so far: 162
[03:06:14] --- cycle 35 ---
[03:06:19]   wide_probe rep1 ok (0 causal lines)
[03:06:24]   wide_probe rep2 ok (0 causal lines)
[03:06:29]   wide_probe rep3 ok (0 causal lines)
[03:06:34]   validate_all rep1 ok (20 causal lines)
[03:06:39]   validate_all rep2 ok (20 causal lines)
[03:10:30]   validate_all rep3 ok (3 causal lines)
[03:10:35]   validate_sampler rep1 ok (6 causal lines)
[03:10:40]   validate_sampler rep2 ok (5 causal lines)
[03:10:45]   validate_sampler rep3 ok (5 causal lines)
[03:10:50]   validate_pass rep1 ok (4 causal lines)
[03:10:55]   validate_pass rep2 ok (4 causal lines)
[03:11:00]   validate_pass rep3 ok (4 causal lines)
[03:11:05]   state_probe rep1 ok (0 causal lines)
[03:11:10]   state_probe rep2 ok (0 causal lines)
[03:11:15]   state_probe rep3 ok (0 causal lines)
[03:11:20]   pass_probe rep1 ok (0 causal lines)
[03:11:25]   pass_probe rep2 ok (0 causal lines)
[03:11:30]   pass_probe rep3 ok (0 causal lines)
[03:11:35]   sampler_probe rep1 ok (0 causal lines)
[03:11:40]   sampler_probe rep2 ok (0 causal lines)
[03:11:45]   sampler_probe rep3 ok (0 causal lines)
[03:11:50]   pso_probe rep1 ok (0 causal lines)
[03:11:55]   pso_probe rep2 ok (0 causal lines)
[03:12:00]   pso_probe rep3 ok (0 causal lines)
[03:12:05]   isa_probe rep1 ok (0 causal lines)
[03:12:10]   isa_probe rep2 ok (0 causal lines)
[03:12:15]   isa_probe rep3 ok (0 causal lines)
[03:12:20]   isa2_probe rep1 ok (0 causal lines)
[03:12:25]   isa2_probe rep2 ok (0 causal lines)
[03:12:31]   isa2_probe rep3 ok (0 causal lines)
[03:12:36]   ring_probe rep1 ok (0 causal lines)
[03:12:41]   ring_probe rep2 ok (0 causal lines)
[03:12:46]   ring_probe rep3 ok (0 causal lines)
[03:12:46] cycle 35 done; stable offsets so far: 162
[03:12:46] --- cycle 36 ---
[03:12:51]   wide_probe rep1 ok (0 causal lines)
[03:12:56]   wide_probe rep2 ok (0 causal lines)
[03:13:01]   wide_probe rep3 ok (0 causal lines)
[03:13:06]   validate_all rep1 ok (20 causal lines)
[03:13:11]   validate_all rep2 ok (20 causal lines)
[03:17:01]   validate_all rep3 ok (3 causal lines)
[03:17:06]   validate_sampler rep1 ok (5 causal lines)
[03:17:11]   validate_sampler rep2 ok (5 causal lines)
[03:17:16]   validate_sampler rep3 ok (5 causal lines)
[03:17:21]   validate_pass rep1 ok (4 causal lines)
[03:17:26]   validate_pass rep2 ok (4 causal lines)
[03:17:32]   validate_pass rep3 ok (4 causal lines)
[03:17:37]   state_probe rep1 ok (0 causal lines)
[03:17:42]   state_probe rep2 ok (0 causal lines)
[03:17:47]   state_probe rep3 ok (0 causal lines)
[03:17:52]   pass_probe rep1 ok (0 causal lines)
[03:17:57]   pass_probe rep2 ok (0 causal lines)
[03:18:02]   pass_probe rep3 ok (0 causal lines)
[03:18:07]   sampler_probe rep1 ok (0 causal lines)
[03:18:12]   sampler_probe rep2 ok (0 causal lines)
[03:18:17]   sampler_probe rep3 ok (0 causal lines)
[03:18:22]   pso_probe rep1 ok (0 causal lines)
[03:18:27]   pso_probe rep2 ok (0 causal lines)
[03:18:32]   pso_probe rep3 ok (0 causal lines)
[03:18:37]   isa_probe rep1 ok (0 causal lines)
[03:18:42]   isa_probe rep2 ok (0 causal lines)
[03:18:47]   isa_probe rep3 ok (0 causal lines)
[03:18:52]   isa2_probe rep1 ok (0 causal lines)
[03:18:57]   isa2_probe rep2 ok (0 causal lines)
[03:19:02]   isa2_probe rep3 ok (0 causal lines)
[03:19:07]   ring_probe rep1 ok (0 causal lines)
[03:19:12]   ring_probe rep2 ok (0 causal lines)
[03:19:17]   ring_probe rep3 ok (0 causal lines)
[03:19:17] cycle 36 done; stable offsets so far: 162
[03:19:17] --- cycle 37 ---
[03:19:22]   wide_probe rep1 ok (0 causal lines)
[03:19:27]   wide_probe rep2 ok (0 causal lines)
[03:19:32]   wide_probe rep3 ok (0 causal lines)
[03:19:38]   validate_all rep1 ok (20 causal lines)
[03:19:43]   validate_all rep2 ok (20 causal lines)
[03:19:48]   validate_all rep3 ok (20 causal lines)
[03:19:53]   validate_sampler rep1 ok (6 causal lines)
[03:19:58]   validate_sampler rep2 ok (5 causal lines)
[03:20:03]   validate_sampler rep3 ok (5 causal lines)
[03:20:08]   validate_pass rep1 ok (4 causal lines)
[03:20:13]   validate_pass rep2 ok (4 causal lines)
[03:20:18]   validate_pass rep3 ok (4 causal lines)
[03:20:23]   state_probe rep1 ok (0 causal lines)
[03:20:28]   state_probe rep2 ok (0 causal lines)
[03:20:33]   state_probe rep3 ok (0 causal lines)
[03:20:38]   pass_probe rep1 ok (0 causal lines)
[03:20:43]   pass_probe rep2 ok (0 causal lines)
[03:20:48]   pass_probe rep3 ok (0 causal lines)
[03:20:53]   sampler_probe rep1 ok (0 causal lines)
[03:20:58]   sampler_probe rep2 ok (0 causal lines)
[03:21:03]   sampler_probe rep3 ok (0 causal lines)
[03:21:08]   pso_probe rep1 ok (0 causal lines)
[03:21:13]   pso_probe rep2 ok (0 causal lines)
[03:21:18]   pso_probe rep3 ok (0 causal lines)
[03:21:23]   isa_probe rep1 ok (0 causal lines)
[03:21:28]   isa_probe rep2 ok (0 causal lines)
[03:21:33]   isa_probe rep3 ok (0 causal lines)
[03:21:38]   isa2_probe rep1 ok (0 causal lines)
[03:21:43]   isa2_probe rep2 ok (0 causal lines)
[03:21:49]   isa2_probe rep3 ok (0 causal lines)
[03:21:54]   ring_probe rep1 ok (0 causal lines)
[03:21:59]   ring_probe rep2 ok (0 causal lines)
[03:22:04]   ring_probe rep3 ok (0 causal lines)
[03:22:04] cycle 37 done; stable offsets so far: 162
[03:22:04] --- cycle 38 ---
[03:22:09]   wide_probe rep1 ok (0 causal lines)
[03:22:14]   wide_probe rep2 ok (0 causal lines)
[03:22:19]   wide_probe rep3 ok (0 causal lines)
[03:26:09]   validate_all rep1 ok (3 causal lines)
[03:30:10]   validate_all rep2 ok (3 causal lines)
[03:30:15]   validate_all rep3 ok (20 causal lines)
[03:30:20]   validate_sampler rep1 ok (5 causal lines)
[03:30:25]   validate_sampler rep2 ok (6 causal lines)
[03:30:30]   validate_sampler rep3 ok (5 causal lines)
[03:30:35]   validate_pass rep1 ok (4 causal lines)
[03:30:40]   validate_pass rep2 ok (4 causal lines)
[03:30:45]   validate_pass rep3 ok (4 causal lines)
[03:30:50]   state_probe rep1 ok (0 causal lines)
[03:30:55]   state_probe rep2 ok (0 causal lines)
[03:31:00]   state_probe rep3 ok (0 causal lines)
[03:31:05]   pass_probe rep1 ok (0 causal lines)
[03:31:10]   pass_probe rep2 ok (0 causal lines)
[03:31:15]   pass_probe rep3 ok (0 causal lines)
[03:31:20]   sampler_probe rep1 ok (0 causal lines)
[03:31:25]   sampler_probe rep2 ok (0 causal lines)
[03:31:30]   sampler_probe rep3 ok (0 causal lines)
[03:31:35]   pso_probe rep1 ok (0 causal lines)
[03:31:41]   pso_probe rep2 ok (0 causal lines)
[03:31:46]   pso_probe rep3 ok (0 causal lines)
[03:31:51]   isa_probe rep1 ok (0 causal lines)
[03:31:56]   isa_probe rep2 ok (0 causal lines)
[03:32:01]   isa_probe rep3 ok (0 causal lines)
[03:32:06]   isa2_probe rep1 ok (0 causal lines)
[03:32:11]   isa2_probe rep2 ok (0 causal lines)
[03:32:16]   isa2_probe rep3 ok (0 causal lines)
[03:32:21]   ring_probe rep1 ok (0 causal lines)
[03:32:26]   ring_probe rep2 ok (0 causal lines)
[03:32:31]   ring_probe rep3 ok (0 causal lines)
[03:32:31] cycle 38 done; stable offsets so far: 162
[03:32:31] --- cycle 39 ---
[03:32:36]   wide_probe rep1 ok (0 causal lines)
[03:32:41]   wide_probe rep2 ok (0 causal lines)
[03:32:46]   wide_probe rep3 ok (0 causal lines)
[03:32:51]   validate_all rep1 ok (20 causal lines)
[03:36:42]   validate_all rep2 ok (3 causal lines)
[03:40:42]   validate_all rep3 ok (3 causal lines)
[03:40:47]   validate_sampler rep1 ok (5 causal lines)
[03:40:52]   validate_sampler rep2 ok (5 causal lines)
[03:40:57]   validate_sampler rep3 ok (5 causal lines)
[03:41:02]   validate_pass rep1 ok (4 causal lines)
[03:41:07]   validate_pass rep2 ok (4 causal lines)
[03:41:12]   validate_pass rep3 ok (4 causal lines)
[03:41:17]   state_probe rep1 ok (0 causal lines)
[03:41:22]   state_probe rep2 ok (0 causal lines)
[03:41:28]   state_probe rep3 ok (0 causal lines)
[03:41:33]   pass_probe rep1 ok (0 causal lines)
[03:41:38]   pass_probe rep2 ok (0 causal lines)
[03:41:43]   pass_probe rep3 ok (0 causal lines)
[03:41:48]   sampler_probe rep1 ok (0 causal lines)
[03:41:53]   sampler_probe rep2 ok (0 causal lines)
[03:41:58]   sampler_probe rep3 ok (0 causal lines)
[03:42:03]   pso_probe rep1 ok (0 causal lines)
[03:42:08]   pso_probe rep2 ok (0 causal lines)
[03:42:13]   pso_probe rep3 ok (0 causal lines)
[03:42:18]   isa_probe rep1 ok (0 causal lines)
[03:42:23]   isa_probe rep2 ok (0 causal lines)
[03:42:28]   isa_probe rep3 ok (0 causal lines)
[03:42:33]   isa2_probe rep1 ok (0 causal lines)
[03:42:38]   isa2_probe rep2 ok (0 causal lines)
[03:42:43]   isa2_probe rep3 ok (0 causal lines)
[03:42:48]   ring_probe rep1 ok (0 causal lines)
[03:42:53]   ring_probe rep2 ok (0 causal lines)
[03:42:58]   ring_probe rep3 ok (0 causal lines)
[03:42:58] cycle 39 done; stable offsets so far: 162
[03:42:58] --- cycle 40 ---
[03:43:03]   wide_probe rep1 ok (0 causal lines)
[03:43:08]   wide_probe rep2 ok (0 causal lines)
[03:43:13]   wide_probe rep3 ok (0 causal lines)
[03:43:18]   validate_all rep1 ok (20 causal lines)
[03:43:23]   validate_all rep2 ok (20 causal lines)
[03:43:28]   validate_all rep3 ok (20 causal lines)
[03:43:33]   validate_sampler rep1 ok (6 causal lines)
[03:43:39]   validate_sampler rep2 ok (6 causal lines)
[03:43:44]   validate_sampler rep3 ok (6 causal lines)
[03:43:49]   validate_pass rep1 ok (4 causal lines)
[03:43:54]   validate_pass rep2 ok (4 causal lines)
[03:43:59]   validate_pass rep3 ok (4 causal lines)
[03:44:04]   state_probe rep1 ok (0 causal lines)
[03:44:09]   state_probe rep2 ok (0 causal lines)
[03:44:14]   state_probe rep3 ok (0 causal lines)
[03:44:19]   pass_probe rep1 ok (0 causal lines)
[03:44:24]   pass_probe rep2 ok (0 causal lines)
[03:44:29]   pass_probe rep3 ok (0 causal lines)
[03:44:34]   sampler_probe rep1 ok (0 causal lines)
[03:44:39]   sampler_probe rep2 ok (0 causal lines)
[03:44:44]   sampler_probe rep3 ok (0 causal lines)
[03:44:49]   pso_probe rep1 ok (0 causal lines)
[03:44:54]   pso_probe rep2 ok (0 causal lines)
[03:44:59]   pso_probe rep3 ok (0 causal lines)
[03:45:04]   isa_probe rep1 ok (0 causal lines)
[03:45:09]   isa_probe rep2 ok (0 causal lines)
[03:45:14]   isa_probe rep3 ok (0 causal lines)
[03:45:19]   isa2_probe rep1 ok (0 causal lines)
[03:45:24]   isa2_probe rep2 ok (0 causal lines)
[03:45:29]   isa2_probe rep3 ok (0 causal lines)
[03:45:34]   ring_probe rep1 ok (0 causal lines)
[03:45:39]   ring_probe rep2 ok (0 causal lines)
[03:45:44]   ring_probe rep3 ok (0 causal lines)
[03:45:44] cycle 40 done; stable offsets so far: 163
[03:45:44] --- cycle 41 ---
[03:45:49]   wide_probe rep1 ok (0 causal lines)
[03:45:55]   wide_probe rep2 ok (0 causal lines)
[03:46:00]   wide_probe rep3 ok (0 causal lines)
[03:46:05]   validate_all rep1 ok (20 causal lines)
[03:46:10]   validate_all rep2 ok (20 causal lines)
[03:50:00]   validate_all rep3 ok (3 causal lines)
[03:50:05]   validate_sampler rep1 ok (5 causal lines)
[03:50:10]   validate_sampler rep2 ok (6 causal lines)
[03:50:15]   validate_sampler rep3 ok (5 causal lines)
[03:50:20]   validate_pass rep1 ok (4 causal lines)
[03:50:25]   validate_pass rep2 ok (4 causal lines)
[03:50:30]   validate_pass rep3 ok (4 causal lines)
[03:50:35]   state_probe rep1 ok (0 causal lines)
[03:50:40]   state_probe rep2 ok (0 causal lines)
[03:50:45]   state_probe rep3 ok (0 causal lines)
[03:50:51]   pass_probe rep1 ok (0 causal lines)
[03:50:56]   pass_probe rep2 ok (0 causal lines)
[03:51:01]   pass_probe rep3 ok (0 causal lines)
[03:51:06]   sampler_probe rep1 ok (0 causal lines)
[03:51:11]   sampler_probe rep2 ok (0 causal lines)
[03:51:16]   sampler_probe rep3 ok (0 causal lines)
[03:51:21]   pso_probe rep1 ok (0 causal lines)
[03:51:26]   pso_probe rep2 ok (0 causal lines)
[03:51:31]   pso_probe rep3 ok (0 causal lines)
[03:51:36]   isa_probe rep1 ok (0 causal lines)
[03:51:41]   isa_probe rep2 ok (0 causal lines)
[03:51:46]   isa_probe rep3 ok (0 causal lines)
[03:51:51]   isa2_probe rep1 ok (0 causal lines)
[03:51:56]   isa2_probe rep2 ok (0 causal lines)
[03:52:01]   isa2_probe rep3 ok (0 causal lines)
[03:52:06]   ring_probe rep1 ok (0 causal lines)
[03:52:11]   ring_probe rep2 ok (0 causal lines)
[03:52:16]   ring_probe rep3 ok (0 causal lines)
[03:52:16] cycle 41 done; stable offsets so far: 163
[03:52:16] --- cycle 42 ---
[03:52:21]   wide_probe rep1 ok (0 causal lines)
[03:52:26]   wide_probe rep2 ok (0 causal lines)
[03:52:31]   wide_probe rep3 ok (0 causal lines)
[03:52:36]   validate_all rep1 ok (20 causal lines)
[03:52:41]   validate_all rep2 ok (20 causal lines)
[03:52:46]   validate_all rep3 ok (20 causal lines)
[03:52:51]   validate_sampler rep1 ok (5 causal lines)
[03:52:56]   validate_sampler rep2 ok (5 causal lines)
[03:53:01]   validate_sampler rep3 ok (6 causal lines)
[03:53:07]   validate_pass rep1 ok (4 causal lines)
[03:53:12]   validate_pass rep2 ok (4 causal lines)
[03:53:17]   validate_pass rep3 ok (4 causal lines)
[03:53:22]   state_probe rep1 ok (0 causal lines)
[03:53:27]   state_probe rep2 ok (0 causal lines)
[03:53:32]   state_probe rep3 ok (0 causal lines)
[03:53:37]   pass_probe rep1 ok (0 causal lines)
[03:53:42]   pass_probe rep2 ok (0 causal lines)
[03:53:47]   pass_probe rep3 ok (0 causal lines)
[03:53:52]   sampler_probe rep1 ok (0 causal lines)
[03:53:57]   sampler_probe rep2 ok (0 causal lines)
[03:54:02]   sampler_probe rep3 ok (0 causal lines)
[03:54:07]   pso_probe rep1 ok (0 causal lines)
[03:54:12]   pso_probe rep2 ok (0 causal lines)
[03:54:17]   pso_probe rep3 ok (0 causal lines)
[03:54:22]   isa_probe rep1 ok (0 causal lines)
[03:54:27]   isa_probe rep2 ok (0 causal lines)
[03:54:32]   isa_probe rep3 ok (0 causal lines)
[03:54:37]   isa2_probe rep1 ok (0 causal lines)
[03:54:42]   isa2_probe rep2 ok (0 causal lines)
[03:54:47]   isa2_probe rep3 ok (0 causal lines)
[03:54:52]   ring_probe rep1 ok (0 causal lines)
[03:54:57]   ring_probe rep2 ok (0 causal lines)
[03:55:02]   ring_probe rep3 ok (0 causal lines)
[03:55:02] cycle 42 done; stable offsets so far: 163
[03:55:02] --- cycle 43 ---
[03:55:07]   wide_probe rep1 ok (0 causal lines)
[03:55:12]   wide_probe rep2 ok (0 causal lines)
[03:55:17]   wide_probe rep3 ok (0 causal lines)
[03:55:23]   validate_all rep1 ok (20 causal lines)
[03:55:28]   validate_all rep2 ok (20 causal lines)
[03:55:33]   validate_all rep3 ok (20 causal lines)
[03:55:38]   validate_sampler rep1 ok (6 causal lines)
[03:55:43]   validate_sampler rep2 ok (6 causal lines)
[03:55:48]   validate_sampler rep3 ok (5 causal lines)
[03:55:53]   validate_pass rep1 ok (4 causal lines)
[03:55:58]   validate_pass rep2 ok (4 causal lines)
[03:56:03]   validate_pass rep3 ok (4 causal lines)
[03:56:08]   state_probe rep1 ok (0 causal lines)
[03:56:13]   state_probe rep2 ok (0 causal lines)
[03:56:18]   state_probe rep3 ok (0 causal lines)
[03:56:23]   pass_probe rep1 ok (0 causal lines)
[03:56:28]   pass_probe rep2 ok (0 causal lines)
[03:56:33]   pass_probe rep3 ok (0 causal lines)
[03:56:38]   sampler_probe rep1 ok (0 causal lines)
[03:56:43]   sampler_probe rep2 ok (0 causal lines)
[03:56:48]   sampler_probe rep3 ok (0 causal lines)
[03:56:53]   pso_probe rep1 ok (0 causal lines)
[03:56:58]   pso_probe rep2 ok (0 causal lines)
[03:57:03]   pso_probe rep3 ok (0 causal lines)
[03:57:08]   isa_probe rep1 ok (0 causal lines)
[03:57:13]   isa_probe rep2 ok (0 causal lines)
[03:57:18]   isa_probe rep3 ok (0 causal lines)
[03:57:23]   isa2_probe rep1 ok (0 causal lines)
[03:57:28]   isa2_probe rep2 ok (0 causal lines)
[03:57:33]   isa2_probe rep3 ok (0 causal lines)
[03:57:38]   ring_probe rep1 ok (0 causal lines)
[03:57:44]   ring_probe rep2 ok (0 causal lines)
[03:57:49]   ring_probe rep3 ok (0 causal lines)
[03:57:49] cycle 43 done; stable offsets so far: 163
[03:57:49] --- cycle 44 ---
[03:57:54]   wide_probe rep1 ok (0 causal lines)
[03:57:59]   wide_probe rep2 ok (0 causal lines)
[03:58:04]   wide_probe rep3 ok (0 causal lines)
[03:58:09]   validate_all rep1 ok (20 causal lines)
[04:02:09]   validate_all rep2 ok (3 causal lines)
[04:02:14]   validate_all rep3 ok (20 causal lines)
[04:02:19]   validate_sampler rep1 ok (6 causal lines)
[04:02:25]   validate_sampler rep2 ok (5 causal lines)
[04:02:30]   validate_sampler rep3 ok (6 causal lines)
[04:02:35]   validate_pass rep1 ok (4 causal lines)
[04:02:40]   validate_pass rep2 ok (4 causal lines)
[04:02:45]   validate_pass rep3 ok (4 causal lines)
[04:02:50]   state_probe rep1 ok (0 causal lines)
[04:02:55]   state_probe rep2 ok (0 causal lines)
[04:03:00]   state_probe rep3 ok (0 causal lines)
[04:03:05]   pass_probe rep1 ok (0 causal lines)
[04:03:10]   pass_probe rep2 ok (0 causal lines)
[04:03:15]   pass_probe rep3 ok (0 causal lines)
[04:03:20]   sampler_probe rep1 ok (0 causal lines)
[04:03:25]   sampler_probe rep2 ok (0 causal lines)
[04:03:30]   sampler_probe rep3 ok (0 causal lines)
[04:03:35]   pso_probe rep1 ok (0 causal lines)
[04:03:40]   pso_probe rep2 ok (0 causal lines)
[04:03:45]   pso_probe rep3 ok (0 causal lines)
[04:03:50]   isa_probe rep1 ok (0 causal lines)
[04:03:55]   isa_probe rep2 ok (0 causal lines)
[04:04:00]   isa_probe rep3 ok (0 causal lines)
[04:04:05]   isa2_probe rep1 ok (0 causal lines)
[04:04:10]   isa2_probe rep2 ok (0 causal lines)
[04:04:15]   isa2_probe rep3 ok (0 causal lines)
[04:04:20]   ring_probe rep1 ok (0 causal lines)
[04:04:25]   ring_probe rep2 ok (0 causal lines)
[04:04:30]   ring_probe rep3 ok (0 causal lines)
[04:04:31] cycle 44 done; stable offsets so far: 163
[04:04:31] --- cycle 45 ---
[04:04:36]   wide_probe rep1 ok (0 causal lines)
[04:04:41]   wide_probe rep2 ok (0 causal lines)
[04:04:46]   wide_probe rep3 ok (0 causal lines)
[04:04:51]   validate_all rep1 ok (20 causal lines)
[04:04:56]   validate_all rep2 ok (20 causal lines)
[04:05:01]   validate_all rep3 ok (20 causal lines)
[04:05:06]   validate_sampler rep1 ok (5 causal lines)
[04:05:11]   validate_sampler rep2 ok (6 causal lines)
[04:05:16]   validate_sampler rep3 ok (5 causal lines)
[04:05:21]   validate_pass rep1 ok (4 causal lines)
[04:05:26]   validate_pass rep2 ok (4 causal lines)
[04:05:31]   validate_pass rep3 ok (4 causal lines)
[04:05:36]   state_probe rep1 ok (0 causal lines)
[04:05:41]   state_probe rep2 ok (0 causal lines)
[04:05:46]   state_probe rep3 ok (0 causal lines)
[04:05:51]   pass_probe rep1 ok (0 causal lines)
[04:05:56]   pass_probe rep2 ok (0 causal lines)
[04:06:01]   pass_probe rep3 ok (0 causal lines)
[04:06:06]   sampler_probe rep1 ok (0 causal lines)
[04:06:11]   sampler_probe rep2 ok (0 causal lines)
[04:06:16]   sampler_probe rep3 ok (0 causal lines)
[04:06:21]   pso_probe rep1 ok (0 causal lines)
[04:06:26]   pso_probe rep2 ok (0 causal lines)
[04:06:31]   pso_probe rep3 ok (0 causal lines)
[04:06:36]   isa_probe rep1 ok (0 causal lines)
[04:06:41]   isa_probe rep2 ok (0 causal lines)
[04:06:46]   isa_probe rep3 ok (0 causal lines)
[04:06:51]   isa2_probe rep1 ok (0 causal lines)
[04:06:56]   isa2_probe rep2 ok (0 causal lines)
[04:07:02]   isa2_probe rep3 ok (0 causal lines)
[04:07:07]   ring_probe rep1 ok (0 causal lines)
[04:07:12]   ring_probe rep2 ok (0 causal lines)
[04:07:17]   ring_probe rep3 ok (0 causal lines)
[04:07:17] cycle 45 done; stable offsets so far: 163
[04:07:17] --- cycle 46 ---
[04:07:22]   wide_probe rep1 ok (0 causal lines)
[04:07:27]   wide_probe rep2 ok (0 causal lines)
[04:07:32]   wide_probe rep3 ok (0 causal lines)
[04:07:37]   validate_all rep1 ok (20 causal lines)
[04:07:42]   validate_all rep2 ok (20 causal lines)
[04:07:47]   validate_all rep3 ok (20 causal lines)
[04:07:52]   validate_sampler rep1 ok (5 causal lines)
[04:07:57]   validate_sampler rep2 ok (6 causal lines)
[04:08:02]   validate_sampler rep3 ok (5 causal lines)
[04:08:07]   validate_pass rep1 ok (3 causal lines)
[04:08:12]   validate_pass rep2 ok (4 causal lines)
[04:08:17]   validate_pass rep3 ok (4 causal lines)
[04:08:22]   state_probe rep1 ok (0 causal lines)
[04:08:27]   state_probe rep2 ok (0 causal lines)
[04:08:32]   state_probe rep3 ok (0 causal lines)
[04:08:37]   pass_probe rep1 ok (0 causal lines)
[04:08:42]   pass_probe rep2 ok (0 causal lines)
[04:08:47]   pass_probe rep3 ok (0 causal lines)
[04:08:52]   sampler_probe rep1 ok (0 causal lines)
[04:08:57]   sampler_probe rep2 ok (0 causal lines)
[04:09:02]   sampler_probe rep3 ok (0 causal lines)
[04:09:08]   pso_probe rep1 ok (0 causal lines)
[04:09:13]   pso_probe rep2 ok (0 causal lines)
[04:09:18]   pso_probe rep3 ok (0 causal lines)
[04:09:23]   isa_probe rep1 ok (0 causal lines)
[04:09:28]   isa_probe rep2 ok (0 causal lines)
[04:09:33]   isa_probe rep3 ok (0 causal lines)
[04:09:38]   isa2_probe rep1 ok (0 causal lines)
[04:09:43]   isa2_probe rep2 ok (0 causal lines)
[04:09:48]   isa2_probe rep3 ok (0 causal lines)
[04:09:53]   ring_probe rep1 ok (0 causal lines)
[04:09:58]   ring_probe rep2 ok (0 causal lines)
[04:10:03]   ring_probe rep3 ok (0 causal lines)
[04:10:03] cycle 46 done; stable offsets so far: 163
[04:10:03] --- cycle 47 ---
[04:10:08]   wide_probe rep1 ok (0 causal lines)
[04:10:13]   wide_probe rep2 ok (0 causal lines)
[04:10:18]   wide_probe rep3 ok (0 causal lines)
[04:14:19]   validate_all rep1 ok (3 causal lines)
[04:18:09]   validate_all rep2 ok (3 causal lines)
[04:18:14]   validate_all rep3 ok (20 causal lines)
[04:18:19]   validate_sampler rep1 ok (6 causal lines)
[04:18:24]   validate_sampler rep2 ok (5 causal lines)
[04:18:29]   validate_sampler rep3 ok (6 causal lines)
[04:18:34]   validate_pass rep1 ok (4 causal lines)
[04:18:39]   validate_pass rep2 ok (4 causal lines)
[04:18:44]   validate_pass rep3 ok (4 causal lines)
[04:18:49]   state_probe rep1 ok (0 causal lines)
[04:18:54]   state_probe rep2 ok (0 causal lines)
[04:18:59]   state_probe rep3 ok (0 causal lines)
[04:19:05]   pass_probe rep1 ok (0 causal lines)
[04:19:10]   pass_probe rep2 ok (0 causal lines)
[04:19:15]   pass_probe rep3 ok (0 causal lines)
[04:19:20]   sampler_probe rep1 ok (0 causal lines)
[04:19:25]   sampler_probe rep2 ok (0 causal lines)
[04:19:30]   sampler_probe rep3 ok (0 causal lines)
[04:19:35]   pso_probe rep1 ok (0 causal lines)
[04:19:40]   pso_probe rep2 ok (0 causal lines)
[04:19:45]   pso_probe rep3 ok (0 causal lines)
[04:19:50]   isa_probe rep1 ok (0 causal lines)
[04:19:55]   isa_probe rep2 ok (0 causal lines)
[04:20:00]   isa_probe rep3 ok (0 causal lines)
[04:20:05]   isa2_probe rep1 ok (0 causal lines)
[04:20:10]   isa2_probe rep2 ok (0 causal lines)
[04:20:15]   isa2_probe rep3 ok (0 causal lines)
[04:20:20]   ring_probe rep1 ok (0 causal lines)
[04:20:25]   ring_probe rep2 ok (0 causal lines)
[04:20:30]   ring_probe rep3 ok (0 causal lines)
[04:20:30] cycle 47 done; stable offsets so far: 163
[04:20:30] --- cycle 48 ---
[04:20:35]   wide_probe rep1 ok (0 causal lines)
[04:20:40]   wide_probe rep2 ok (0 causal lines)
[04:20:45]   wide_probe rep3 ok (0 causal lines)
[04:20:50]   validate_all rep1 ok (20 causal lines)
[04:20:55]   validate_all rep2 ok (20 causal lines)
[04:21:00]   validate_all rep3 ok (20 causal lines)
[04:21:05]   validate_sampler rep1 ok (5 causal lines)
[04:21:11]   validate_sampler rep2 ok (5 causal lines)
[04:21:16]   validate_sampler rep3 ok (6 causal lines)
[04:21:21]   validate_pass rep1 ok (4 causal lines)
[04:21:26]   validate_pass rep2 ok (4 causal lines)
[04:21:31]   validate_pass rep3 ok (4 causal lines)
[04:21:36]   state_probe rep1 ok (0 causal lines)
[04:21:41]   state_probe rep2 ok (0 causal lines)
[04:21:46]   state_probe rep3 ok (0 causal lines)
[04:21:51]   pass_probe rep1 ok (0 causal lines)
[04:21:56]   pass_probe rep2 ok (0 causal lines)
[04:22:01]   pass_probe rep3 ok (0 causal lines)
[04:22:06]   sampler_probe rep1 ok (0 causal lines)
[04:22:11]   sampler_probe rep2 ok (0 causal lines)
[04:22:16]   sampler_probe rep3 ok (0 causal lines)
[04:22:21]   pso_probe rep1 ok (0 causal lines)
[04:22:26]   pso_probe rep2 ok (0 causal lines)
[04:22:31]   pso_probe rep3 ok (0 causal lines)
[04:22:36]   isa_probe rep1 ok (0 causal lines)
[04:22:41]   isa_probe rep2 ok (0 causal lines)
[04:22:46]   isa_probe rep3 ok (0 causal lines)
[04:22:51]   isa2_probe rep1 ok (0 causal lines)
[04:22:56]   isa2_probe rep2 ok (0 causal lines)
[04:23:01]   isa2_probe rep3 ok (0 causal lines)
[04:23:06]   ring_probe rep1 ok (0 causal lines)
[04:23:11]   ring_probe rep2 ok (0 causal lines)
[04:23:16]   ring_probe rep3 ok (0 causal lines)
[04:23:16] cycle 48 done; stable offsets so far: 163
[04:23:16] --- cycle 49 ---
[04:23:21]   wide_probe rep1 ok (0 causal lines)
[04:23:27]   wide_probe rep2 ok (0 causal lines)
[04:23:32]   wide_probe rep3 ok (0 causal lines)
[04:23:37]   validate_all rep1 ok (20 causal lines)
[04:23:42]   validate_all rep2 ok (20 causal lines)
[04:23:47]   validate_all rep3 ok (20 causal lines)
[04:23:52]   validate_sampler rep1 ok (6 causal lines)
[04:23:57]   validate_sampler rep2 ok (5 causal lines)
[04:24:02]   validate_sampler rep3 ok (5 causal lines)
[04:24:07]   validate_pass rep1 ok (4 causal lines)
[04:24:12]   validate_pass rep2 ok (4 causal lines)
[04:24:17]   validate_pass rep3 ok (4 causal lines)
[04:24:22]   state_probe rep1 ok (0 causal lines)
[04:24:27]   state_probe rep2 ok (0 causal lines)
[04:24:32]   state_probe rep3 ok (0 causal lines)
[04:24:37]   pass_probe rep1 ok (0 causal lines)
[04:24:42]   pass_probe rep2 ok (0 causal lines)
[04:24:47]   pass_probe rep3 ok (0 causal lines)
[04:24:52]   sampler_probe rep1 ok (0 causal lines)
[04:24:57]   sampler_probe rep2 ok (0 causal lines)
[04:25:02]   sampler_probe rep3 ok (0 causal lines)
[04:25:07]   pso_probe rep1 ok (0 causal lines)
[04:25:12]   pso_probe rep2 ok (0 causal lines)
[04:25:17]   pso_probe rep3 ok (0 causal lines)
[04:25:22]   isa_probe rep1 ok (0 causal lines)
[04:25:27]   isa_probe rep2 ok (0 causal lines)
[04:25:32]   isa_probe rep3 ok (0 causal lines)
[04:25:37]   isa2_probe rep1 ok (0 causal lines)
[04:25:42]   isa2_probe rep2 ok (0 causal lines)
[04:25:47]   isa2_probe rep3 ok (0 causal lines)
[04:25:52]   ring_probe rep1 ok (0 causal lines)
[04:25:57]   ring_probe rep2 ok (0 causal lines)
[04:26:03]   ring_probe rep3 ok (0 causal lines)
[04:26:03] cycle 49 done; stable offsets so far: 163
[04:26:03] --- cycle 50 ---
[04:26:08]   wide_probe rep1 ok (0 causal lines)
[04:26:13]   wide_probe rep2 ok (0 causal lines)
[04:26:18]   wide_probe rep3 ok (0 causal lines)
[04:30:08]   validate_all rep1 ok (3 causal lines)
[04:34:09]   validate_all rep2 ok (3 causal lines)
[04:34:14]   validate_all rep3 ok (20 causal lines)
[04:34:19]   validate_sampler rep1 ok (5 causal lines)
[04:34:24]   validate_sampler rep2 ok (6 causal lines)
[04:34:29]   validate_sampler rep3 ok (6 causal lines)
[04:34:34]   validate_pass rep1 ok (4 causal lines)
[04:34:39]   validate_pass rep2 ok (4 causal lines)
[04:34:44]   validate_pass rep3 ok (4 causal lines)
[04:34:49]   state_probe rep1 ok (0 causal lines)
[04:34:54]   state_probe rep2 ok (0 causal lines)
[04:34:59]   state_probe rep3 ok (0 causal lines)
[04:35:04]   pass_probe rep1 ok (0 causal lines)
[04:35:09]   pass_probe rep2 ok (0 causal lines)
[04:35:14]   pass_probe rep3 ok (0 causal lines)
[04:35:19]   sampler_probe rep1 ok (0 causal lines)
[04:35:24]   sampler_probe rep2 ok (0 causal lines)
[04:35:29]   sampler_probe rep3 ok (0 causal lines)
[04:35:34]   pso_probe rep1 ok (0 causal lines)
[04:35:39]   pso_probe rep2 ok (0 causal lines)
[04:35:44]   pso_probe rep3 ok (0 causal lines)
[04:35:49]   isa_probe rep1 ok (0 causal lines)
[04:35:55]   isa_probe rep2 ok (0 causal lines)
[04:36:00]   isa_probe rep3 ok (0 causal lines)
[04:36:05]   isa2_probe rep1 ok (0 causal lines)
[04:36:10]   isa2_probe rep2 ok (0 causal lines)
[04:36:15]   isa2_probe rep3 ok (0 causal lines)
[04:36:20]   ring_probe rep1 ok (0 causal lines)
[04:36:25]   ring_probe rep2 ok (0 causal lines)
[04:36:30]   ring_probe rep3 ok (0 causal lines)
[04:36:30] cycle 50 done; stable offsets so far: 163
[04:36:30] --- cycle 51 ---
[04:36:35]   wide_probe rep1 ok (0 causal lines)
[04:36:40]   wide_probe rep2 ok (0 causal lines)
[04:36:45]   wide_probe rep3 ok (0 causal lines)
[04:40:46]   validate_all rep1 ok (3 causal lines)
[04:40:51]   validate_all rep2 ok (20 causal lines)
[04:40:56]   validate_all rep3 ok (20 causal lines)
[04:41:01]   validate_sampler rep1 ok (6 causal lines)
[04:41:06]   validate_sampler rep2 ok (5 causal lines)
[04:41:11]   validate_sampler rep3 ok (6 causal lines)
[04:41:16]   validate_pass rep1 ok (4 causal lines)
[04:41:21]   validate_pass rep2 ok (4 causal lines)
[04:41:26]   validate_pass rep3 ok (4 causal lines)
[04:41:31]   state_probe rep1 ok (0 causal lines)
[04:41:36]   state_probe rep2 ok (0 causal lines)
[04:41:41]   state_probe rep3 ok (0 causal lines)
[04:41:46]   pass_probe rep1 ok (0 causal lines)
[04:41:51]   pass_probe rep2 ok (0 causal lines)
[04:41:56]   pass_probe rep3 ok (0 causal lines)
[04:42:01]   sampler_probe rep1 ok (0 causal lines)
[04:42:06]   sampler_probe rep2 ok (0 causal lines)
[04:42:11]   sampler_probe rep3 ok (0 causal lines)
[04:42:16]   pso_probe rep1 ok (0 causal lines)
[04:42:21]   pso_probe rep2 ok (0 causal lines)
[04:42:26]   pso_probe rep3 ok (0 causal lines)
[04:42:31]   isa_probe rep1 ok (0 causal lines)
[04:42:36]   isa_probe rep2 ok (0 causal lines)
[04:42:41]   isa_probe rep3 ok (0 causal lines)
[04:42:46]   isa2_probe rep1 ok (0 causal lines)
[04:42:51]   isa2_probe rep2 ok (0 causal lines)
[04:42:56]   isa2_probe rep3 ok (0 causal lines)
[04:43:01]   ring_probe rep1 ok (0 causal lines)
[04:43:07]   ring_probe rep2 ok (0 causal lines)
[04:43:12]   ring_probe rep3 ok (0 causal lines)
[04:43:12] cycle 51 done; stable offsets so far: 163
[04:43:12] --- cycle 52 ---
[04:43:17]   wide_probe rep1 ok (0 causal lines)
[04:43:22]   wide_probe rep2 ok (0 causal lines)
[04:43:27]   wide_probe rep3 ok (0 causal lines)
[04:47:17]   validate_all rep1 ok (3 causal lines)
[04:51:08]   validate_all rep2 ok (3 causal lines)
[04:51:13]   validate_all rep3 ok (20 causal lines)
[04:51:18]   validate_sampler rep1 ok (5 causal lines)
[04:51:23]   validate_sampler rep2 ok (6 causal lines)
[04:51:28]   validate_sampler rep3 ok (5 causal lines)
[04:51:33]   validate_pass rep1 ok (4 causal lines)
[04:51:38]   validate_pass rep2 ok (4 causal lines)
[04:51:43]   validate_pass rep3 ok (4 causal lines)
[04:51:48]   state_probe rep1 ok (0 causal lines)
[04:51:53]   state_probe rep2 ok (0 causal lines)
[04:51:58]   state_probe rep3 ok (0 causal lines)
[04:52:03]   pass_probe rep1 ok (0 causal lines)
[04:52:08]   pass_probe rep2 ok (0 causal lines)
[04:52:13]   pass_probe rep3 ok (0 causal lines)
[04:52:18]   sampler_probe rep1 ok (0 causal lines)
[04:52:24]   sampler_probe rep2 ok (0 causal lines)
[04:52:29]   sampler_probe rep3 ok (0 causal lines)
[04:52:34]   pso_probe rep1 ok (0 causal lines)
[04:52:39]   pso_probe rep2 ok (0 causal lines)
[04:52:44]   pso_probe rep3 ok (0 causal lines)
[04:52:49]   isa_probe rep1 ok (0 causal lines)
[04:52:54]   isa_probe rep2 ok (0 causal lines)
[04:52:59]   isa_probe rep3 ok (0 causal lines)
[04:53:04]   isa2_probe rep1 ok (0 causal lines)
[04:53:09]   isa2_probe rep2 ok (0 causal lines)
[04:53:14]   isa2_probe rep3 ok (0 causal lines)
[04:53:19]   ring_probe rep1 ok (0 causal lines)
[04:53:24]   ring_probe rep2 ok (0 causal lines)
[04:53:29]   ring_probe rep3 ok (0 causal lines)
[04:53:29] cycle 52 done; stable offsets so far: 163
[04:53:29] --- cycle 53 ---
[04:53:34]   wide_probe rep1 ok (0 causal lines)
[04:53:39]   wide_probe rep2 ok (0 causal lines)
[04:53:44]   wide_probe rep3 ok (0 causal lines)
[04:53:49]   validate_all rep1 ok (20 causal lines)
[04:53:54]   validate_all rep2 ok (20 causal lines)
[04:53:59]   validate_all rep3 ok (20 causal lines)
[04:54:04]   validate_sampler rep1 ok (5 causal lines)
[04:54:09]   validate_sampler rep2 ok (6 causal lines)
[04:54:14]   validate_sampler rep3 ok (6 causal lines)
[04:54:19]   validate_pass rep1 ok (4 causal lines)
[04:54:24]   validate_pass rep2 ok (4 causal lines)
[04:54:29]   validate_pass rep3 ok (4 causal lines)
[04:54:35]   state_probe rep1 ok (0 causal lines)
[04:54:40]   state_probe rep2 ok (0 causal lines)
[04:54:45]   state_probe rep3 ok (0 causal lines)
[04:54:50]   pass_probe rep1 ok (0 causal lines)
[04:54:55]   pass_probe rep2 ok (0 causal lines)
[04:55:00]   pass_probe rep3 ok (0 causal lines)
[04:55:05]   sampler_probe rep1 ok (0 causal lines)
[04:55:10]   sampler_probe rep2 ok (0 causal lines)
[04:55:15]   sampler_probe rep3 ok (0 causal lines)
[04:55:20]   pso_probe rep1 ok (0 causal lines)
[04:55:25]   pso_probe rep2 ok (0 causal lines)
[04:55:30]   pso_probe rep3 ok (0 causal lines)
[04:55:35]   isa_probe rep1 ok (0 causal lines)
[04:55:40]   isa_probe rep2 ok (0 causal lines)
[04:55:45]   isa_probe rep3 ok (0 causal lines)
[04:55:50]   isa2_probe rep1 ok (0 causal lines)
[04:55:55]   isa2_probe rep2 ok (0 causal lines)
[04:56:00]   isa2_probe rep3 ok (0 causal lines)
[04:56:05]   ring_probe rep1 ok (0 causal lines)
[04:56:10]   ring_probe rep2 ok (0 causal lines)
[04:56:15]   ring_probe rep3 ok (0 causal lines)
[04:56:15] cycle 53 done; stable offsets so far: 163
[04:56:15] --- cycle 54 ---
[04:56:20]   wide_probe rep1 ok (0 causal lines)
[04:56:25]   wide_probe rep2 ok (0 causal lines)
[04:56:30]   wide_probe rep3 ok (0 causal lines)
[04:56:35]   validate_all rep1 ok (20 causal lines)
[04:56:41]   validate_all rep2 ok (20 causal lines)
[04:56:46]   validate_all rep3 ok (20 causal lines)
[04:56:51]   validate_sampler rep1 ok (5 causal lines)
[04:56:56]   validate_sampler rep2 ok (5 causal lines)
[04:57:01]   validate_sampler rep3 ok (5 causal lines)
[04:57:06]   validate_pass rep1 ok (4 causal lines)
[04:57:11]   validate_pass rep2 ok (4 causal lines)
[04:57:16]   validate_pass rep3 ok (4 causal lines)
[04:57:21]   state_probe rep1 ok (0 causal lines)
[04:57:26]   state_probe rep2 ok (0 causal lines)
[04:57:31]   state_probe rep3 ok (0 causal lines)
[04:57:36]   pass_probe rep1 ok (0 causal lines)
[04:57:41]   pass_probe rep2 ok (0 causal lines)
[04:57:46]   pass_probe rep3 ok (0 causal lines)
[04:57:51]   sampler_probe rep1 ok (0 causal lines)
[04:57:56]   sampler_probe rep2 ok (0 causal lines)
[04:58:01]   sampler_probe rep3 ok (0 causal lines)
[04:58:06]   pso_probe rep1 ok (0 causal lines)
[04:58:11]   pso_probe rep2 ok (0 causal lines)
[04:58:16]   pso_probe rep3 ok (0 causal lines)
[04:58:21]   isa_probe rep1 ok (0 causal lines)
[04:58:26]   isa_probe rep2 ok (0 causal lines)
[04:58:31]   isa_probe rep3 ok (0 causal lines)
[04:58:36]   isa2_probe rep1 ok (0 causal lines)
[04:58:41]   isa2_probe rep2 ok (0 causal lines)
[04:58:46]   isa2_probe rep3 ok (0 causal lines)
[04:58:51]   ring_probe rep1 ok (0 causal lines)
[04:58:56]   ring_probe rep2 ok (0 causal lines)
[04:59:01]   ring_probe rep3 ok (0 causal lines)
[04:59:02] cycle 54 done; stable offsets so far: 163
[04:59:02] --- cycle 55 ---
[04:59:07]   wide_probe rep1 ok (0 causal lines)
[04:59:12]   wide_probe rep2 ok (0 causal lines)
[04:59:17]   wide_probe rep3 ok (0 causal lines)
[04:59:22]   validate_all rep1 ok (20 causal lines)
[05:03:12]   validate_all rep2 ok (3 causal lines)
[05:07:03]   validate_all rep3 ok (3 causal lines)
[05:07:08]   validate_sampler rep1 ok (5 causal lines)
[05:07:13]   validate_sampler rep2 ok (5 causal lines)
[05:07:18]   validate_sampler rep3 ok (6 causal lines)
[05:07:23]   validate_pass rep1 ok (4 causal lines)
[05:07:28]   validate_pass rep2 ok (4 causal lines)
[05:07:33]   validate_pass rep3 ok (4 causal lines)
[05:07:38]   state_probe rep1 ok (0 causal lines)
[05:07:43]   state_probe rep2 ok (0 causal lines)
[05:07:48]   state_probe rep3 ok (0 causal lines)
[05:07:53]   pass_probe rep1 ok (0 causal lines)
[05:07:58]   pass_probe rep2 ok (0 causal lines)
[05:08:03]   pass_probe rep3 ok (0 causal lines)
[05:08:08]   sampler_probe rep1 ok (0 causal lines)
[05:08:13]   sampler_probe rep2 ok (0 causal lines)
[05:08:18]   sampler_probe rep3 ok (0 causal lines)
[05:08:23]   pso_probe rep1 ok (0 causal lines)
[05:08:28]   pso_probe rep2 ok (0 causal lines)
[05:08:33]   pso_probe rep3 ok (0 causal lines)
[05:08:38]   isa_probe rep1 ok (0 causal lines)
[05:08:43]   isa_probe rep2 ok (0 causal lines)
[05:08:49]   isa_probe rep3 ok (0 causal lines)
[05:08:54]   isa2_probe rep1 ok (0 causal lines)
[05:08:59]   isa2_probe rep2 ok (0 causal lines)
[05:09:04]   isa2_probe rep3 ok (0 causal lines)
[05:09:09]   ring_probe rep1 ok (0 causal lines)
[05:09:14]   ring_probe rep2 ok (0 causal lines)
[05:09:19]   ring_probe rep3 ok (0 causal lines)
[05:09:19] cycle 55 done; stable offsets so far: 163
[05:09:19] --- cycle 56 ---
[05:09:24]   wide_probe rep1 ok (0 causal lines)
[05:09:29]   wide_probe rep2 ok (0 causal lines)
[05:09:34]   wide_probe rep3 ok (0 causal lines)
[05:13:25]   validate_all rep1 ok (3 causal lines)
[05:13:30]   validate_all rep2 ok (20 causal lines)
[05:17:20]   validate_all rep3 ok (3 causal lines)
[05:17:25]   validate_sampler rep1 ok (5 causal lines)
[05:17:30]   validate_sampler rep2 ok (5 causal lines)
[05:17:35]   validate_sampler rep3 ok (6 causal lines)
[05:17:40]   validate_pass rep1 ok (4 causal lines)
[05:17:45]   validate_pass rep2 ok (4 causal lines)
[05:17:50]   validate_pass rep3 ok (4 causal lines)
[05:17:55]   state_probe rep1 ok (0 causal lines)
[05:18:00]   state_probe rep2 ok (0 causal lines)
[05:18:05]   state_probe rep3 ok (0 causal lines)
[05:18:10]   pass_probe rep1 ok (0 causal lines)
[05:18:15]   pass_probe rep2 ok (0 causal lines)
[05:18:20]   pass_probe rep3 ok (0 causal lines)
[05:18:26]   sampler_probe rep1 ok (0 causal lines)
[05:18:31]   sampler_probe rep2 ok (0 causal lines)
[05:18:36]   sampler_probe rep3 ok (0 causal lines)
[05:18:41]   pso_probe rep1 ok (0 causal lines)
[05:18:46]   pso_probe rep2 ok (0 causal lines)
[05:18:51]   pso_probe rep3 ok (0 causal lines)
[05:18:56]   isa_probe rep1 ok (0 causal lines)
[05:19:01]   isa_probe rep2 ok (0 causal lines)
[05:19:06]   isa_probe rep3 ok (0 causal lines)
[05:19:11]   isa2_probe rep1 ok (0 causal lines)
[05:19:16]   isa2_probe rep2 ok (0 causal lines)
[05:19:21]   isa2_probe rep3 ok (0 causal lines)
[05:19:26]   ring_probe rep1 ok (0 causal lines)
[05:19:31]   ring_probe rep2 ok (0 causal lines)
[05:19:36]   ring_probe rep3 ok (0 causal lines)
[05:19:36] cycle 56 done; stable offsets so far: 163
[05:19:36] --- cycle 57 ---
[05:19:41]   wide_probe rep1 ok (0 causal lines)
[05:19:46]   wide_probe rep2 ok (0 causal lines)
[05:19:51]   wide_probe rep3 ok (0 causal lines)
[05:23:52]   validate_all rep1 ok (3 causal lines)
[05:23:57]   validate_all rep2 ok (20 causal lines)
[05:24:02]   validate_all rep3 ok (20 causal lines)
[05:24:07]   validate_sampler rep1 ok (5 causal lines)
[05:24:12]   validate_sampler rep2 ok (5 causal lines)
[05:24:17]   validate_sampler rep3 ok (6 causal lines)
[05:24:22]   validate_pass rep1 ok (4 causal lines)
[05:24:27]   validate_pass rep2 ok (4 causal lines)
[05:24:32]   validate_pass rep3 ok (4 causal lines)
[05:24:37]   state_probe rep1 ok (0 causal lines)
[05:24:42]   state_probe rep2 ok (0 causal lines)
[05:24:47]   state_probe rep3 ok (0 causal lines)
[05:24:52]   pass_probe rep1 ok (0 causal lines)
[05:24:57]   pass_probe rep2 ok (0 causal lines)
[05:25:02]   pass_probe rep3 ok (0 causal lines)
[05:25:07]   sampler_probe rep1 ok (0 causal lines)
[05:25:12]   sampler_probe rep2 ok (0 causal lines)
[05:25:17]   sampler_probe rep3 ok (0 causal lines)
[05:25:22]   pso_probe rep1 ok (0 causal lines)
[05:25:28]   pso_probe rep2 ok (0 causal lines)
[05:25:33]   pso_probe rep3 ok (0 causal lines)
[05:25:38]   isa_probe rep1 ok (0 causal lines)
[05:25:43]   isa_probe rep2 ok (0 causal lines)
[05:25:48]   isa_probe rep3 ok (0 causal lines)
[05:25:53]   isa2_probe rep1 ok (0 causal lines)
[05:25:58]   isa2_probe rep2 ok (0 causal lines)
[05:26:03]   isa2_probe rep3 ok (0 causal lines)
[05:26:08]   ring_probe rep1 ok (0 causal lines)
[05:26:13]   ring_probe rep2 ok (0 causal lines)
[05:26:18]   ring_probe rep3 ok (0 causal lines)
[05:26:18] cycle 57 done; stable offsets so far: 163
[05:26:18] --- cycle 58 ---
[05:26:23]   wide_probe rep1 ok (0 causal lines)
[05:26:28]   wide_probe rep2 ok (0 causal lines)
[05:26:33]   wide_probe rep3 ok (0 causal lines)
[05:30:24]   validate_all rep1 ok (3 causal lines)
[05:34:25]   validate_all rep2 ok (3 causal lines)
[05:34:30]   validate_all rep3 ok (20 causal lines)
[05:34:35]   validate_sampler rep1 ok (5 causal lines)
[05:34:40]   validate_sampler rep2 ok (6 causal lines)
[05:34:45]   validate_sampler rep3 ok (6 causal lines)
[05:34:50]   validate_pass rep1 ok (4 causal lines)
[05:34:55]   validate_pass rep2 ok (4 causal lines)
[05:35:00]   validate_pass rep3 ok (4 causal lines)
[05:35:05]   state_probe rep1 ok (0 causal lines)
[05:35:10]   state_probe rep2 ok (0 causal lines)
[05:35:15]   state_probe rep3 ok (0 causal lines)
[05:35:20]   pass_probe rep1 ok (0 causal lines)
[05:35:25]   pass_probe rep2 ok (0 causal lines)
[05:35:30]   pass_probe rep3 ok (0 causal lines)
[05:35:35]   sampler_probe rep1 ok (0 causal lines)
[05:35:40]   sampler_probe rep2 ok (0 causal lines)
[05:35:45]   sampler_probe rep3 ok (0 causal lines)
[05:35:50]   pso_probe rep1 ok (0 causal lines)
[05:35:55]   pso_probe rep2 ok (0 causal lines)
[05:36:00]   pso_probe rep3 ok (0 causal lines)
[05:36:05]   isa_probe rep1 ok (0 causal lines)
[05:36:10]   isa_probe rep2 ok (0 causal lines)
[05:36:15]   isa_probe rep3 ok (0 causal lines)
[05:36:20]   isa2_probe rep1 ok (0 causal lines)
[05:36:25]   isa2_probe rep2 ok (0 causal lines)
[05:36:30]   isa2_probe rep3 ok (0 causal lines)
[05:36:35]   ring_probe rep1 ok (0 causal lines)
[05:36:40]   ring_probe rep2 ok (0 causal lines)
[05:36:45]   ring_probe rep3 ok (0 causal lines)
[05:36:46] cycle 58 done; stable offsets so far: 163
[05:36:46] --- cycle 59 ---
[05:36:51]   wide_probe rep1 ok (0 causal lines)
[05:36:56]   wide_probe rep2 ok (0 causal lines)
[05:37:01]   wide_probe rep3 ok (0 causal lines)
[05:41:01]   validate_all rep1 ok (3 causal lines)
[05:44:52]   validate_all rep2 ok (3 causal lines)
[05:48:42]   validate_all rep3 ok (3 causal lines)
[05:48:47]   validate_sampler rep1 ok (6 causal lines)
[05:48:52]   validate_sampler rep2 ok (5 causal lines)
[05:48:57]   validate_sampler rep3 ok (5 causal lines)
[05:49:02]   validate_pass rep1 ok (4 causal lines)
[05:49:07]   validate_pass rep2 ok (4 causal lines)
[05:49:13]   validate_pass rep3 ok (4 causal lines)
[05:49:18]   state_probe rep1 ok (0 causal lines)
[05:49:23]   state_probe rep2 ok (0 causal lines)
[05:49:28]   state_probe rep3 ok (0 causal lines)
[05:49:33]   pass_probe rep1 ok (0 causal lines)
[05:49:38]   pass_probe rep2 ok (0 causal lines)
[05:49:43]   pass_probe rep3 ok (0 causal lines)
[05:49:48]   sampler_probe rep1 ok (0 causal lines)
[05:49:53]   sampler_probe rep2 ok (0 causal lines)
[05:49:58]   sampler_probe rep3 ok (0 causal lines)
[05:50:03]   pso_probe rep1 ok (0 causal lines)
[05:50:08]   pso_probe rep2 ok (0 causal lines)
[05:50:13]   pso_probe rep3 ok (0 causal lines)
[05:50:18]   isa_probe rep1 ok (0 causal lines)
[05:50:23]   isa_probe rep2 ok (0 causal lines)
[05:50:28]   isa_probe rep3 ok (0 causal lines)
[05:50:33]   isa2_probe rep1 ok (0 causal lines)
[05:50:38]   isa2_probe rep2 ok (0 causal lines)
[05:50:43]   isa2_probe rep3 ok (0 causal lines)
[05:50:48]   ring_probe rep1 ok (0 causal lines)
[05:50:53]   ring_probe rep2 ok (0 causal lines)
[05:50:58]   ring_probe rep3 ok (0 causal lines)
[05:50:58] cycle 59 done; stable offsets so far: 163
[05:50:58] --- cycle 60 ---
[05:51:03]   wide_probe rep1 ok (0 causal lines)
[05:51:08]   wide_probe rep2 ok (0 causal lines)
[05:51:13]   wide_probe rep3 ok (0 causal lines)
[05:51:19]   validate_all rep1 ok (20 causal lines)
[05:51:24]   validate_all rep2 ok (20 causal lines)
[05:51:29]   validate_all rep3 ok (20 causal lines)
[05:51:34]   validate_sampler rep1 ok (5 causal lines)
[05:51:39]   validate_sampler rep2 ok (6 causal lines)
[05:51:44]   validate_sampler rep3 ok (6 causal lines)
[05:51:49]   validate_pass rep1 ok (4 causal lines)
[05:51:54]   validate_pass rep2 ok (4 causal lines)
[05:51:59]   validate_pass rep3 ok (4 causal lines)
[05:52:04]   state_probe rep1 ok (0 causal lines)
[05:52:09]   state_probe rep2 ok (0 causal lines)
[05:52:14]   state_probe rep3 ok (0 causal lines)
[05:52:19]   pass_probe rep1 ok (0 causal lines)
[05:52:24]   pass_probe rep2 ok (0 causal lines)
[05:52:29]   pass_probe rep3 ok (0 causal lines)
[05:52:34]   sampler_probe rep1 ok (0 causal lines)
[05:52:39]   sampler_probe rep2 ok (0 causal lines)
[05:52:44]   sampler_probe rep3 ok (0 causal lines)
[05:52:49]   pso_probe rep1 ok (0 causal lines)
[05:52:54]   pso_probe rep2 ok (0 causal lines)
[05:52:59]   pso_probe rep3 ok (0 causal lines)
[05:53:04]   isa_probe rep1 ok (0 causal lines)
[05:53:09]   isa_probe rep2 ok (0 causal lines)
[05:53:14]   isa_probe rep3 ok (0 causal lines)
[05:53:19]   isa2_probe rep1 ok (0 causal lines)
[05:53:24]   isa2_probe rep2 ok (0 causal lines)
[05:53:29]   isa2_probe rep3 ok (0 causal lines)
[05:53:34]   ring_probe rep1 ok (0 causal lines)
[05:53:39]   ring_probe rep2 ok (0 causal lines)
[05:53:44]   ring_probe rep3 ok (0 causal lines)
[05:53:45] cycle 60 done; stable offsets so far: 163
[05:53:45] --- cycle 61 ---
[05:53:50]   wide_probe rep1 ok (0 causal lines)
[05:53:55]   wide_probe rep2 ok (0 causal lines)
[05:54:00]   wide_probe rep3 ok (0 causal lines)
[05:58:00]   validate_all rep1 ok (3 causal lines)
[06:01:51]   validate_all rep2 ok (3 causal lines)
[06:05:41]   validate_all rep3 ok (3 causal lines)
[06:05:46]   validate_sampler rep1 ok (7 causal lines)
[06:05:51]   validate_sampler rep2 ok (6 causal lines)
[06:05:57]   validate_sampler rep3 ok (5 causal lines)
[06:06:02]   validate_pass rep1 ok (4 causal lines)
[06:06:07]   validate_pass rep2 ok (4 causal lines)
[06:06:12]   validate_pass rep3 ok (4 causal lines)
[06:06:17]   state_probe rep1 ok (0 causal lines)
[06:06:22]   state_probe rep2 ok (0 causal lines)
[06:06:27]   state_probe rep3 ok (0 causal lines)
[06:06:32]   pass_probe rep1 ok (0 causal lines)
[06:06:37]   pass_probe rep2 ok (0 causal lines)
[06:06:42]   pass_probe rep3 ok (0 causal lines)
[06:06:47]   sampler_probe rep1 ok (0 causal lines)
[06:06:52]   sampler_probe rep2 ok (0 causal lines)
[06:06:57]   sampler_probe rep3 ok (0 causal lines)
[06:07:02]   pso_probe rep1 ok (0 causal lines)
[06:07:07]   pso_probe rep2 ok (0 causal lines)
[06:07:12]   pso_probe rep3 ok (0 causal lines)
[06:07:17]   isa_probe rep1 ok (0 causal lines)
[06:07:22]   isa_probe rep2 ok (0 causal lines)
[06:07:27]   isa_probe rep3 ok (0 causal lines)
[06:07:32]   isa2_probe rep1 ok (0 causal lines)
[06:07:37]   isa2_probe rep2 ok (0 causal lines)
[06:07:42]   isa2_probe rep3 ok (0 causal lines)
[06:07:47]   ring_probe rep1 ok (0 causal lines)
[06:07:52]   ring_probe rep2 ok (0 causal lines)
[06:07:57]   ring_probe rep3 ok (0 causal lines)
[06:07:57] cycle 61 done; stable offsets so far: 163
[06:07:57] --- cycle 62 ---
[06:08:02]   wide_probe rep1 ok (0 causal lines)
[06:08:07]   wide_probe rep2 ok (0 causal lines)
[06:08:13]   wide_probe rep3 ok (0 causal lines)
[06:08:18]   validate_all rep1 ok (20 causal lines)
[06:08:23]   validate_all rep2 ok (20 causal lines)
[06:08:28]   validate_all rep3 ok (20 causal lines)
[06:08:33]   validate_sampler rep1 ok (5 causal lines)
[06:08:38]   validate_sampler rep2 ok (5 causal lines)
[06:08:43]   validate_sampler rep3 ok (6 causal lines)
[06:08:48]   validate_pass rep1 ok (4 causal lines)
[06:08:53]   validate_pass rep2 ok (4 causal lines)
[06:08:58]   validate_pass rep3 ok (4 causal lines)
[06:09:03]   state_probe rep1 ok (0 causal lines)
[06:09:08]   state_probe rep2 ok (0 causal lines)
[06:09:13]   state_probe rep3 ok (0 causal lines)
[06:09:18]   pass_probe rep1 ok (0 causal lines)
[06:09:23]   pass_probe rep2 ok (0 causal lines)
[06:09:28]   pass_probe rep3 ok (0 causal lines)
[06:09:33]   sampler_probe rep1 ok (0 causal lines)
[06:09:38]   sampler_probe rep2 ok (0 causal lines)
[06:09:43]   sampler_probe rep3 ok (0 causal lines)
[06:09:48]   pso_probe rep1 ok (0 causal lines)
[06:09:53]   pso_probe rep2 ok (0 causal lines)
[06:09:58]   pso_probe rep3 ok (0 causal lines)
[06:10:03]   isa_probe rep1 ok (0 causal lines)
[06:10:08]   isa_probe rep2 ok (0 causal lines)
[06:10:13]   isa_probe rep3 ok (0 causal lines)
[06:10:18]   isa2_probe rep1 ok (0 causal lines)
[06:10:23]   isa2_probe rep2 ok (0 causal lines)
[06:10:28]   isa2_probe rep3 ok (0 causal lines)
[06:10:33]   ring_probe rep1 ok (0 causal lines)
[06:10:38]   ring_probe rep2 ok (0 causal lines)
[06:10:44]   ring_probe rep3 ok (0 causal lines)
[06:10:44] cycle 62 done; stable offsets so far: 163
[06:10:44] --- cycle 63 ---
[06:10:49]   wide_probe rep1 ok (0 causal lines)
[06:10:54]   wide_probe rep2 ok (0 causal lines)
[06:10:59]   wide_probe rep3 ok (0 causal lines)
[06:11:04]   validate_all rep1 ok (20 causal lines)
[06:11:09]   validate_all rep2 ok (20 causal lines)
[06:11:14]   validate_all rep3 ok (20 causal lines)
[06:11:19]   validate_sampler rep1 ok (5 causal lines)
[06:11:24]   validate_sampler rep2 ok (5 causal lines)
[06:11:29]   validate_sampler rep3 ok (5 causal lines)
[06:11:34]   validate_pass rep1 ok (4 causal lines)
[06:11:39]   validate_pass rep2 ok (4 causal lines)
[06:11:44]   validate_pass rep3 ok (4 causal lines)
[06:11:49]   state_probe rep1 ok (0 causal lines)
[06:11:54]   state_probe rep2 ok (0 causal lines)
[06:11:59]   state_probe rep3 ok (0 causal lines)
[06:12:04]   pass_probe rep1 ok (0 causal lines)
[06:12:09]   pass_probe rep2 ok (0 causal lines)
[06:12:14]   pass_probe rep3 ok (0 causal lines)
[06:12:19]   sampler_probe rep1 ok (0 causal lines)
[06:12:24]   sampler_probe rep2 ok (0 causal lines)
[06:12:29]   sampler_probe rep3 ok (0 causal lines)
[06:12:34]   pso_probe rep1 ok (0 causal lines)
[06:12:39]   pso_probe rep2 ok (0 causal lines)
[06:12:44]   pso_probe rep3 ok (0 causal lines)
[06:12:49]   isa_probe rep1 ok (0 causal lines)
[06:12:55]   isa_probe rep2 ok (0 causal lines)
[06:13:00]   isa_probe rep3 ok (0 causal lines)
[06:13:05]   isa2_probe rep1 ok (0 causal lines)
[06:13:10]   isa2_probe rep2 ok (0 causal lines)
[06:13:15]   isa2_probe rep3 ok (0 causal lines)
[06:13:20]   ring_probe rep1 ok (0 causal lines)
[06:13:25]   ring_probe rep2 ok (0 causal lines)
[06:13:30]   ring_probe rep3 ok (0 causal lines)
[06:13:30] cycle 63 done; stable offsets so far: 163
[06:13:30] --- cycle 64 ---
[06:13:35]   wide_probe rep1 ok (0 causal lines)
[06:13:40]   wide_probe rep2 ok (0 causal lines)
[06:13:45]   wide_probe rep3 ok (0 causal lines)
[06:13:50]   validate_all rep1 ok (20 causal lines)
[06:13:55]   validate_all rep2 ok (20 causal lines)
[06:14:00]   validate_all rep3 ok (20 causal lines)
[06:14:05]   validate_sampler rep1 ok (6 causal lines)
[06:14:10]   validate_sampler rep2 ok (6 causal lines)
[06:14:15]   validate_sampler rep3 ok (7 causal lines)
[06:14:20]   validate_pass rep1 ok (4 causal lines)
[06:14:25]   validate_pass rep2 ok (4 causal lines)
[06:14:30]   validate_pass rep3 ok (4 causal lines)
[06:14:35]   state_probe rep1 ok (0 causal lines)
[06:14:40]   state_probe rep2 ok (0 causal lines)
[06:14:45]   state_probe rep3 ok (0 causal lines)
[06:14:50]   pass_probe rep1 ok (0 causal lines)
[06:14:55]   pass_probe rep2 ok (0 causal lines)
[06:15:00]   pass_probe rep3 ok (0 causal lines)
[06:15:06]   sampler_probe rep1 ok (0 causal lines)
[06:15:11]   sampler_probe rep2 ok (0 causal lines)
[06:15:16]   sampler_probe rep3 ok (0 causal lines)
[06:15:21]   pso_probe rep1 ok (0 causal lines)
[06:15:26]   pso_probe rep2 ok (0 causal lines)
[06:15:31]   pso_probe rep3 ok (0 causal lines)
[06:15:36]   isa_probe rep1 ok (0 causal lines)
[06:15:41]   isa_probe rep2 ok (0 causal lines)
[06:15:46]   isa_probe rep3 ok (0 causal lines)
[06:15:51]   isa2_probe rep1 ok (0 causal lines)
[06:15:56]   isa2_probe rep2 ok (0 causal lines)
[06:16:01]   isa2_probe rep3 ok (0 causal lines)
[06:16:06]   ring_probe rep1 ok (0 causal lines)
[06:16:11]   ring_probe rep2 ok (0 causal lines)
[06:16:16]   ring_probe rep3 ok (0 causal lines)
[06:16:16] cycle 64 done; stable offsets so far: 163
[06:16:16] --- cycle 65 ---
[06:16:21]   wide_probe rep1 ok (0 causal lines)
[06:16:26]   wide_probe rep2 ok (0 causal lines)
[06:16:31]   wide_probe rep3 ok (0 causal lines)
[06:20:32]   validate_all rep1 ok (3 causal lines)
[06:20:37]   validate_all rep2 ok (20 causal lines)
[06:24:37]   validate_all rep3 ok (3 causal lines)
[06:24:42]   validate_sampler rep1 ok (6 causal lines)
[06:24:47]   validate_sampler rep2 ok (5 causal lines)
[06:24:53]   validate_sampler rep3 ok (5 causal lines)
[06:24:58]   validate_pass rep1 ok (4 causal lines)
[06:25:03]   validate_pass rep2 ok (4 causal lines)
[06:25:08]   validate_pass rep3 ok (3 causal lines)
[06:25:13]   state_probe rep1 ok (0 causal lines)
[06:25:18]   state_probe rep2 ok (0 causal lines)
[06:25:23]   state_probe rep3 ok (0 causal lines)
[06:25:28]   pass_probe rep1 ok (0 causal lines)
[06:25:33]   pass_probe rep2 ok (0 causal lines)
[06:25:38]   pass_probe rep3 ok (0 causal lines)
[06:25:43]   sampler_probe rep1 ok (0 causal lines)
[06:25:48]   sampler_probe rep2 ok (0 causal lines)
[06:25:53]   sampler_probe rep3 ok (0 causal lines)
[06:25:58]   pso_probe rep1 ok (0 causal lines)
[06:26:03]   pso_probe rep2 ok (0 causal lines)
[06:26:08]   pso_probe rep3 ok (0 causal lines)
[06:26:13]   isa_probe rep1 ok (0 causal lines)
[06:26:18]   isa_probe rep2 ok (0 causal lines)
[06:26:23]   isa_probe rep3 ok (0 causal lines)
[06:26:28]   isa2_probe rep1 ok (0 causal lines)
[06:26:33]   isa2_probe rep2 ok (0 causal lines)
[06:26:38]   isa2_probe rep3 ok (0 causal lines)
[06:26:43]   ring_probe rep1 ok (0 causal lines)
[06:26:48]   ring_probe rep2 ok (0 causal lines)
[06:26:53]   ring_probe rep3 ok (0 causal lines)
[06:26:53] cycle 65 done; stable offsets so far: 163
[06:26:53] --- cycle 66 ---
[06:26:58]   wide_probe rep1 ok (0 causal lines)
[06:27:04]   wide_probe rep2 ok (0 causal lines)
[06:27:09]   wide_probe rep3 ok (0 causal lines)
[06:31:09]   validate_all rep1 ok (3 causal lines)
[06:35:00]   validate_all rep2 ok (3 causal lines)
[06:35:05]   validate_all rep3 ok (20 causal lines)
[06:35:10]   validate_sampler rep1 ok (5 causal lines)
[06:35:15]   validate_sampler rep2 ok (6 causal lines)
[06:35:20]   validate_sampler rep3 ok (6 causal lines)
[06:35:25]   validate_pass rep1 ok (4 causal lines)
[06:35:30]   validate_pass rep2 ok (4 causal lines)
[06:35:35]   validate_pass rep3 ok (4 causal lines)
[06:35:40]   state_probe rep1 ok (0 causal lines)
[06:35:45]   state_probe rep2 ok (0 causal lines)
[06:35:50]   state_probe rep3 ok (0 causal lines)
[06:35:55]   pass_probe rep1 ok (0 causal lines)
[06:36:00]   pass_probe rep2 ok (0 causal lines)
[06:36:05]   pass_probe rep3 ok (0 causal lines)
[06:36:10]   sampler_probe rep1 ok (0 causal lines)
[06:36:15]   sampler_probe rep2 ok (0 causal lines)
[06:36:20]   sampler_probe rep3 ok (0 causal lines)
[06:36:25]   pso_probe rep1 ok (0 causal lines)
[06:36:30]   pso_probe rep2 ok (0 causal lines)
[06:36:35]   pso_probe rep3 ok (0 causal lines)
[06:36:40]   isa_probe rep1 ok (0 causal lines)
[06:36:45]   isa_probe rep2 ok (0 causal lines)
[06:36:50]   isa_probe rep3 ok (0 causal lines)
[06:36:55]   isa2_probe rep1 ok (0 causal lines)
[06:37:00]   isa2_probe rep2 ok (0 causal lines)
[06:37:05]   isa2_probe rep3 ok (0 causal lines)
[06:37:11]   ring_probe rep1 ok (0 causal lines)
[06:37:16]   ring_probe rep2 ok (0 causal lines)
[06:37:21]   ring_probe rep3 ok (0 causal lines)
[06:37:21] cycle 66 done; stable offsets so far: 163
[06:37:21] --- cycle 67 ---
[06:37:26]   wide_probe rep1 ok (0 causal lines)
[06:37:31]   wide_probe rep2 ok (0 causal lines)
[06:37:36]   wide_probe rep3 ok (0 causal lines)
[06:41:26]   validate_all rep1 ok (3 causal lines)
[06:45:27]   validate_all rep2 ok (3 causal lines)
[06:45:32]   validate_all rep3 ok (20 causal lines)
[06:45:37]   validate_sampler rep1 ok (5 causal lines)
[06:45:42]   validate_sampler rep2 ok (5 causal lines)
[06:45:47]   validate_sampler rep3 ok (6 causal lines)
[06:45:52]   validate_pass rep1 ok (4 causal lines)
[06:45:57]   validate_pass rep2 ok (4 causal lines)
[06:46:07]   validate_pass rep3 ok (4 causal lines)
[06:46:12]   state_probe rep1 ok (0 causal lines)
[06:46:17]   state_probe rep2 ok (0 causal lines)
[06:46:22]   state_probe rep3 ok (0 causal lines)
[06:46:27]   pass_probe rep1 ok (0 causal lines)
[06:46:32]   pass_probe rep2 ok (0 causal lines)
[06:46:37]   pass_probe rep3 ok (0 causal lines)
[06:46:42]   sampler_probe rep1 ok (0 causal lines)
[06:46:48]   sampler_probe rep2 ok (0 causal lines)
[06:46:53]   sampler_probe rep3 ok (0 causal lines)
[06:46:58]   pso_probe rep1 ok (0 causal lines)
[06:47:03]   pso_probe rep2 ok (0 causal lines)
[06:47:08]   pso_probe rep3 ok (0 causal lines)
[06:47:13]   isa_probe rep1 ok (0 causal lines)
[06:47:18]   isa_probe rep2 ok (0 causal lines)
[06:47:23]   isa_probe rep3 ok (0 causal lines)
[06:47:28]   isa2_probe rep1 ok (0 causal lines)
[06:47:33]   isa2_probe rep2 ok (0 causal lines)
[06:47:38]   isa2_probe rep3 ok (0 causal lines)
[06:47:43]   ring_probe rep1 ok (0 causal lines)
[06:47:48]   ring_probe rep2 ok (0 causal lines)
[06:47:53]   ring_probe rep3 ok (0 causal lines)
[06:47:53] cycle 67 done; stable offsets so far: 163
[06:47:53] --- cycle 68 ---
[06:47:58]   wide_probe rep1 ok (0 causal lines)
[06:48:03]   wide_probe rep2 ok (0 causal lines)
[06:48:08]   wide_probe rep3 ok (0 causal lines)
[06:48:13]   validate_all rep1 ok (20 causal lines)
[06:52:14]   validate_all rep2 ok (3 causal lines)
[06:56:04]   validate_all rep3 ok (3 causal lines)
[06:56:10]   validate_sampler rep1 ok (5 causal lines)
[06:56:15]   validate_sampler rep2 ok (5 causal lines)
[06:56:20]   validate_sampler rep3 ok (7 causal lines)
[06:56:25]   validate_pass rep1 ok (4 causal lines)
[06:56:30]   validate_pass rep2 ok (1 causal lines)
[06:56:35]   validate_pass rep3 ok (4 causal lines)
[06:56:40]   state_probe rep1 ok (0 causal lines)
[06:56:45]   state_probe rep2 ok (0 causal lines)
[06:56:50]   state_probe rep3 ok (0 causal lines)
[06:56:55]   pass_probe rep1 ok (0 causal lines)
[06:57:00]   pass_probe rep2 ok (0 causal lines)
[06:57:05]   pass_probe rep3 ok (0 causal lines)
[06:57:10]   sampler_probe rep1 ok (0 causal lines)
[06:57:15]   sampler_probe rep2 ok (0 causal lines)
[06:57:20]   sampler_probe rep3 ok (0 causal lines)
[06:57:25]   pso_probe rep1 ok (0 causal lines)
[06:57:30]   pso_probe rep2 ok (0 causal lines)
[06:57:35]   pso_probe rep3 ok (0 causal lines)
[06:57:40]   isa_probe rep1 ok (0 causal lines)
[06:57:45]   isa_probe rep2 ok (0 causal lines)
[06:57:50]   isa_probe rep3 ok (0 causal lines)
[06:57:55]   isa2_probe rep1 ok (0 causal lines)
[06:58:00]   isa2_probe rep2 ok (0 causal lines)
[06:58:05]   isa2_probe rep3 ok (0 causal lines)
[06:58:10]   ring_probe rep1 ok (0 causal lines)
[06:58:15]   ring_probe rep2 ok (0 causal lines)
[06:58:20]   ring_probe rep3 ok (0 causal lines)
[06:58:20] cycle 68 done; stable offsets so far: 163
[06:58:21] --- cycle 69 ---
[06:58:26]   wide_probe rep1 ok (0 causal lines)
[06:58:31]   wide_probe rep2 ok (0 causal lines)
[06:58:36]   wide_probe rep3 ok (0 causal lines)
[07:02:36]   validate_all rep1 ok (3 causal lines)
[07:02:41]   validate_all rep2 ok (20 causal lines)
[07:02:46]   validate_all rep3 ok (20 causal lines)
[07:02:51]   validate_sampler rep1 ok (6 causal lines)
[07:02:56]   validate_sampler rep2 ok (6 causal lines)
[07:03:01]   validate_sampler rep3 ok (6 causal lines)
[07:03:06]   validate_pass rep1 ok (4 causal lines)
[07:03:11]   validate_pass rep2 ok (4 causal lines)
[07:03:16]   validate_pass rep3 ok (4 causal lines)
[07:03:21]   state_probe rep1 ok (0 causal lines)
[07:03:26]   state_probe rep2 ok (0 causal lines)
[07:03:31]   state_probe rep3 ok (0 causal lines)
[07:03:36]   pass_probe rep1 ok (0 causal lines)
[07:03:41]   pass_probe rep2 ok (0 causal lines)
[07:03:47]   pass_probe rep3 ok (0 causal lines)
[07:03:52]   sampler_probe rep1 ok (0 causal lines)
[07:03:57]   sampler_probe rep2 ok (0 causal lines)
[07:04:02]   sampler_probe rep3 ok (0 causal lines)
[07:04:07]   pso_probe rep1 ok (0 causal lines)
[07:04:12]   pso_probe rep2 ok (0 causal lines)
[07:04:17]   pso_probe rep3 ok (0 causal lines)
[07:04:22]   isa_probe rep1 ok (0 causal lines)
[07:04:27]   isa_probe rep2 ok (0 causal lines)
[07:04:32]   isa_probe rep3 ok (0 causal lines)
[07:04:37]   isa2_probe rep1 ok (0 causal lines)
[07:04:42]   isa2_probe rep2 ok (0 causal lines)
[07:04:47]   isa2_probe rep3 ok (0 causal lines)
[07:04:52]   ring_probe rep1 ok (0 causal lines)
[07:04:57]   ring_probe rep2 ok (0 causal lines)
[07:05:02]   ring_probe rep3 ok (0 causal lines)
[07:05:02] cycle 69 done; stable offsets so far: 163
[07:05:02] --- cycle 70 ---
[07:05:07]   wide_probe rep1 ok (0 causal lines)
[07:05:12]   wide_probe rep2 ok (0 causal lines)
[07:05:17]   wide_probe rep3 ok (0 causal lines)
[07:05:22]   validate_all rep1 ok (20 causal lines)
[07:05:27]   validate_all rep2 ok (20 causal lines)
[07:05:32]   validate_all rep3 ok (20 causal lines)
[07:05:38]   validate_sampler rep1 ok (5 causal lines)
[07:05:43]   validate_sampler rep2 ok (5 causal lines)
[07:05:48]   validate_sampler rep3 ok (5 causal lines)
[07:05:53]   validate_pass rep1 ok (3 causal lines)
[07:05:58]   validate_pass rep2 ok (3 causal lines)
[07:06:03]   validate_pass rep3 ok (4 causal lines)
[07:06:08]   state_probe rep1 ok (0 causal lines)
[07:06:13]   state_probe rep2 ok (0 causal lines)
[07:06:18]   state_probe rep3 ok (0 causal lines)
[07:06:23]   pass_probe rep1 ok (0 causal lines)
[07:06:28]   pass_probe rep2 ok (0 causal lines)
[07:06:33]   pass_probe rep3 ok (0 causal lines)
[07:06:38]   sampler_probe rep1 ok (0 causal lines)
[07:06:43]   sampler_probe rep2 ok (0 causal lines)
[07:06:48]   sampler_probe rep3 ok (0 causal lines)
[07:06:53]   pso_probe rep1 ok (0 causal lines)
[07:06:58]   pso_probe rep2 ok (0 causal lines)
[07:07:03]   pso_probe rep3 ok (0 causal lines)
[07:07:08]   isa_probe rep1 ok (0 causal lines)
[07:07:13]   isa_probe rep2 ok (0 causal lines)
[07:07:18]   isa_probe rep3 ok (0 causal lines)
[07:07:23]   isa2_probe rep1 ok (0 causal lines)
[07:07:28]   isa2_probe rep2 ok (0 causal lines)
[07:07:33]   isa2_probe rep3 ok (0 causal lines)
[07:07:38]   ring_probe rep1 ok (0 causal lines)
[07:07:43]   ring_probe rep2 ok (0 causal lines)
[07:07:49]   ring_probe rep3 ok (0 causal lines)
[07:07:49] cycle 70 done; stable offsets so far: 163
[07:07:49] --- cycle 71 ---
[07:07:54]   wide_probe rep1 ok (0 causal lines)
[07:07:59]   wide_probe rep2 ok (0 causal lines)
[07:08:04]   wide_probe rep3 ok (0 causal lines)
[07:11:54]   validate_all rep1 ok (3 causal lines)
[07:15:55]   validate_all rep2 ok (3 causal lines)
[07:19:56]   validate_all rep3 ok (3 causal lines)
[07:20:01]   validate_sampler rep1 ok (5 causal lines)
[07:20:06]   validate_sampler rep2 ok (5 causal lines)
[07:20:11]   validate_sampler rep3 ok (5 causal lines)
[07:20:21]   validate_pass rep1 ok (4 causal lines)
[07:20:26]   validate_pass rep2 ok (1 causal lines)
[07:20:31]   validate_pass rep3 ok (2 causal lines)
[07:20:36]   state_probe rep1 ok (0 causal lines)
[07:20:41]   state_probe rep2 ok (0 causal lines)
[07:20:46]   state_probe rep3 ok (0 causal lines)
[07:20:51]   pass_probe rep1 ok (0 causal lines)
[07:20:56]   pass_probe rep2 ok (0 causal lines)
[07:21:01]   pass_probe rep3 ok (0 causal lines)
[07:21:06]   sampler_probe rep1 ok (0 causal lines)
[07:21:11]   sampler_probe rep2 ok (0 causal lines)
[07:21:16]   sampler_probe rep3 ok (0 causal lines)
[07:21:21]   pso_probe rep1 ok (0 causal lines)
[07:21:26]   pso_probe rep2 ok (0 causal lines)
[07:21:31]   pso_probe rep3 ok (0 causal lines)
[07:21:37]   isa_probe rep1 ok (0 causal lines)
[07:21:42]   isa_probe rep2 ok (0 causal lines)
[07:21:47]   isa_probe rep3 ok (0 causal lines)
[07:21:52]   isa2_probe rep1 ok (0 causal lines)
[07:21:57]   isa2_probe rep2 ok (0 causal lines)
[07:22:02]   isa2_probe rep3 ok (0 causal lines)
[07:22:07]   ring_probe rep1 ok (0 causal lines)
[07:22:12]   ring_probe rep2 ok (0 causal lines)
[07:22:17]   ring_probe rep3 ok (0 causal lines)
[07:22:17] cycle 71 done; stable offsets so far: 163
[07:22:17] --- cycle 72 ---
[07:22:22]   wide_probe rep1 ok (0 causal lines)
[07:22:27]   wide_probe rep2 ok (0 causal lines)
[07:22:32]   wide_probe rep3 ok (0 causal lines)
[07:22:37]   validate_all rep1 ok (20 causal lines)
[07:26:38]   validate_all rep2 ok (3 causal lines)
[07:26:43]   validate_all rep3 ok (20 causal lines)
[07:26:48]   validate_sampler rep1 ok (7 causal lines)
[07:26:53]   validate_sampler rep2 ok (5 causal lines)
[07:26:58]   validate_sampler rep3 ok (5 causal lines)
[07:27:03]   validate_pass rep1 ok (4 causal lines)
[07:27:13]   validate_pass rep2 ok (4 causal lines)
[07:27:18]   validate_pass rep3 ok (4 causal lines)
[07:27:23]   state_probe rep1 ok (0 causal lines)
[07:27:28]   state_probe rep2 ok (0 causal lines)
[07:27:33]   state_probe rep3 ok (0 causal lines)
[07:27:38]   pass_probe rep1 ok (0 causal lines)
[07:27:43]   pass_probe rep2 ok (0 causal lines)
[07:27:48]   pass_probe rep3 ok (0 causal lines)
[07:27:53]   sampler_probe rep1 ok (0 causal lines)
[07:27:58]   sampler_probe rep2 ok (0 causal lines)
[07:28:03]   sampler_probe rep3 ok (0 causal lines)
[07:28:08]   pso_probe rep1 ok (0 causal lines)
[07:28:14]   pso_probe rep2 ok (0 causal lines)
[07:28:19]   pso_probe rep3 ok (0 causal lines)
[07:28:24]   isa_probe rep1 ok (0 causal lines)
[07:28:29]   isa_probe rep2 ok (0 causal lines)
[07:28:34]   isa_probe rep3 ok (0 causal lines)
[07:28:39]   isa2_probe rep1 ok (0 causal lines)
[07:28:44]   isa2_probe rep2 ok (0 causal lines)
[07:28:49]   isa2_probe rep3 ok (0 causal lines)
[07:28:54]   ring_probe rep1 ok (0 causal lines)
[07:28:59]   ring_probe rep2 ok (0 causal lines)
[07:29:04]   ring_probe rep3 ok (0 causal lines)
[07:29:04] cycle 72 done; stable offsets so far: 164
[07:29:04] --- cycle 73 ---
[07:29:09]   wide_probe rep1 ok (0 causal lines)
[07:29:14]   wide_probe rep2 ok (0 causal lines)
[07:29:19]   wide_probe rep3 ok (0 causal lines)
[07:29:24]   validate_all rep1 ok (20 causal lines)
[07:33:25]   validate_all rep2 ok (3 causal lines)
[07:33:30]   validate_all rep3 ok (20 causal lines)
[07:33:35]   validate_sampler rep1 ok (5 causal lines)
[07:33:40]   validate_sampler rep2 ok (6 causal lines)
[07:33:45]   validate_sampler rep3 ok (5 causal lines)
[07:33:50]   validate_pass rep1 ok (1 causal lines)
[07:33:55]   validate_pass rep2 ok (3 causal lines)
[07:34:05]   validate_pass rep3 ok (3 causal lines)
[07:34:10]   state_probe rep1 ok (0 causal lines)
[07:34:15]   state_probe rep2 ok (0 causal lines)
[07:34:20]   state_probe rep3 ok (0 causal lines)
[07:34:25]   pass_probe rep1 ok (0 causal lines)
[07:34:30]   pass_probe rep2 ok (0 causal lines)
[07:34:35]   pass_probe rep3 ok (0 causal lines)
[07:34:40]   sampler_probe rep1 ok (0 causal lines)
[07:34:45]   sampler_probe rep2 ok (0 causal lines)
[07:34:50]   sampler_probe rep3 ok (0 causal lines)
[07:34:55]   pso_probe rep1 ok (0 causal lines)
[07:35:00]   pso_probe rep2 ok (0 causal lines)
[07:35:05]   pso_probe rep3 ok (0 causal lines)
[07:35:11]   isa_probe rep1 ok (0 causal lines)
[07:35:16]   isa_probe rep2 ok (0 causal lines)
[07:35:21]   isa_probe rep3 ok (0 causal lines)
[07:35:26]   isa2_probe rep1 ok (0 causal lines)
[07:35:31]   isa2_probe rep2 ok (0 causal lines)
[07:35:36]   isa2_probe rep3 ok (0 causal lines)
[07:35:41]   ring_probe rep1 ok (0 causal lines)
[07:35:46]   ring_probe rep2 ok (0 causal lines)
[07:35:51]   ring_probe rep3 ok (0 causal lines)
[07:35:51] cycle 73 done; stable offsets so far: 164
[07:35:51] --- cycle 74 ---
[07:35:56]   wide_probe rep1 ok (0 causal lines)
[07:36:01]   wide_probe rep2 ok (0 causal lines)
[07:36:06]   wide_probe rep3 ok (0 causal lines)
[07:36:11]   validate_all rep1 ok (20 causal lines)
